task_id,task_name,shuffled_description1,shuffled_description2,shuffled_description3,shuffled_description4,shuffled_description5,answer
31,1e0a9b12,"To make the output, you have to...think of the grid as a black field and as the colored squares as being objects floating in space. Gravity is suddenly turned on and all of the block fall vertically to the bottom. That produces the correct output grid.","To make the output, you have to...think of the grid as a whiteboard and as the colored squares being erased randomly. The remaining blocks stay in their places. That produces the correct output grid.","To make the output, you have to...think of the grid as a black field and as the colored squares sinking underwater. All of the blocks float upwards to the top. That produces the correct output grid.","To make the output, you have to...think of the grid as a blue sky and the colored squares as birds flying around. Suddenly, they fly horizontally to the left. That produces the correct output grid.","To make the output, you have to...think of the grid as a stormy sky and as the colored squares being dispersed by wind. The blocks scatter in different directions. That produces the correct output grid.",1
13,0b148d64,"To make the output, you have to...erase all the sections colored in random patterns and keep only the uncolored sections.","To make the output, you have to...identify the section that matches other sections and copy only the matching sections into the output grid.","To make the output, you have to...distinguish between four sections colored in random patterns, and among these, identify the one section that is colored differently. Afterward, copy only the differently colored section into the output grid.","To make the output, you have to...merge the four sections into a single grid without considering any differences among them.","To make the output, you have to...randomly select any one section and copy it into the output grid without identifying any differences.",3
96,42a50994,"To make the output, you have to...copy the input grid, recognize which pixels are not connected and change background colors of single pixels to white.","To make the output, you have to...copy the input grid, find pixels that are isolated and change background colors of connected pixels to the background color or black.","To make the output, you have to...copy the input grid, identify which pixels are connected or touching any other and change background colors of single pixels to the background color or black.","To make the output, you have to...copy the input grid, search for pixels that are against the edge and replace background colors of group pixels with the background color or black.","To make the output, you have to...copy the input grid, identify which pixels are not touching any other and keep background colors of single pixels the same.",3
67,31aa019c,"To make the output, you have to...make the entire output grid white. Then find the block in the input grid that is the only one of that color and place it in the opposite position in the output grid. Then surround that block with blocks of the dark blue color.","To make the output, you have to...make the entire output grid black. then find the block in the input grid that is the only one of that color and place it in the same position in the output grid. Then surround that block with blocks of the bright red-orange color.","To make the output, you have to...leave the entire output grid empty. Then find any block in the input grid and place it in the same position in the output grid. Then surround that block with light blue pixels.","To make the output, you have to...make half of the output grid black. Then identify the largest block in the input grid and place it randomly in the output grid. Finally surround that block with yellow squares.","To make the output, you have to...make the entire output grid gray. Then find the most common block in the input grid and place it in a different position in the output grid. Finally surround that block with green pixels.",2
145,662c240a,"To make the output, you have to...replicate a non-diagonally patterned 4x4 grid from a 12x4 grid. It is composed with 3 four-color 4x4 grids, which are vertically connected.","To make the output, you have to...replicate a diagonally symmetrical 2x2 grid from a 6x2 grid. It is composed with 3 two-color 3x2 grids, which are horizontally connected.","To make the output, you have to...create a diagonally symmetrical 3x3 grid from a 9x3 grid, which is composed of three four-color 3x3 grids that are horizontally connected.","To make the output, you have to...replicate a non-symmetrical 3x4 grid from a 9x4 grid. It is composed with 3 four-color 3x4 grids, which are diagonally connected.","To make the output, you have to...replicate a non-diagonally symmetrical 3x3 grid from a 9x3 grid. It is composed with 3 Two-color 3x3 grids, which are vertically connected in.",5
234,995c5fa3,"To make the output, you have to...identify the shapes of three objects from the input grid and determine their corresponding colors. A 4x4 circle is red, an object with a center hole is yellow, an object indented on right and left sides is blue, and an object indented at the bottom is black. Color each object from left to right in the input grid, filling the 3x3 output grid row by row from the bottom.","To make the output, you have to...Identify the shapes of three objects from the input grid and determine their corresponding colors. A 4x4 square is red, an object with a center hole is light blue, an object indented on right and left sides is green, and an object indented at the bottom is yellow. Color each object from left to right in the input grid, filling the 3x3 output grid row by row from the top.","To make the output, you have to...identify the shapes of four objects from the input grid and determine their corresponding colors. A 4x4 circle is pink, an object with a center hole is light blue, an object indented on right and left sides is green, and an object indented at the bottom is yellow. Color each object from right to left in the input grid, filling the 3x3 output grid row by row from the top.","To make the output, you have to...identify the shapes of four objects from the input grid and determine their corresponding colors. A 3x3 triangle is black, an object with a center hole is pink, an object indented at the bottom is red, and an object indented on right and left sides is yellow. Color each object from right to left in the input grid, filling the 3x3 output grid row by row from the bottom.","To make the output, you have to...identify the shapes of two objects from the input grid and determine their corresponding colors. A 5x5 square is black, an object with a center hole is pink, an object indented on right and left sides is gray, and an object indented at the bottom is blue. Color each object from left to right in the input grid, filling the 3x3 output grid column by column from the top.",2
307,c8cbb738,"To make the output, you have to...separate groups of pixels of identical colors while distorting their shapes and shifting them from a common center. The colors from the input grid must remain unchanged.","To make the output, you have to...eliminate groups of pixels of various colors while maintaining their shapes around a common center. The colors from the input grid must remain unchanged.","To make the output, you have to...distort groups of pixels of different colors while maintaining their shapes around a different center. The colors from the input grid must remain changed.","To make the output, you have to...combine groups of pixels of different colors while changing their shapes to be unrecognizable. The colors from the input grid must be altered.","To make the output, you have to...combine groups of pixels of different colors while maintaining their shapes around a common center. The colors from the input grid must remain unchanged.",5
331,d406998b,"To make the output, you have to...begin from the right-most column and change the grey pixels in the odd-numbered columns with green.","To make the output, you have to...begin from the right-most column and change the grey pixels in the odd-numbered columns with blue.","To make the output, you have to...start from the right-most column and change the grey pixels in the even-numbered columns with green.","To make the output, you have to...begin from the left-most column and change the grey pixels in the odd-numbered columns with green.","To make the output, you have to...begin from the right-most column and change the grey pixels in the odd-numbered columns with green.",1
86,3c9b0459,"To make the output, you have to...rotate the grid 180 degrees counterclockwise.","To make the output, you have to...flip the grid horizontally.","To make the output, you have to...keep the grid as it is.","To make the output, you have to...rotate the grid 90 degrees clockwise.","To make the output, you have to...rotate the grid 180 degrees clockwise.",5
273,b0c4d837,"To make the output, you have to...calculate the inside height of the U shape made of gray pixels. Subtract the height filled with light blue pixels from the original height of the U. Fill the 3x3 output grid with this difference in light blue pixels, starting from left to right on the top row, and right to left on the following rows.","To make the output, you have to...calculate the inside depth of the L shape made of gray pixels. Subtract the depth filled with yellow pixels from the original depth of the L. Fill the 3x3 output grid with this difference in yellow pixels, starting from right to left on the bottom row, and left to right on the following rows.","To make the output, you have to...find the outer height of the N shape made of gray pixels. Subtract the height filled with green pixels from the original height of the N. Fill the 3x3 output grid with this difference in blue pixels, starting from bottom to top on the right column, and top to bottom on the following columns.","To make the output, you have to...calculate the inner width of the O shape made of gray pixels. Add the width filled with brown pixels to the original width of the O. Fill the 3x3 output grid with this sum in brown pixels, starting from top to bottom on the middle column, and bottom to top on the following columns.","To make the output, you have to...measure the outer width of the Z shape made of gray pixels. Add the width filled with pink pixels to the original width of the Z. Fill the 3x3 output grid with this sum in pink pixels, starting from bottom to top on the left column, and top to bottom on the following columns.",1
