task_id,task_name,shuffled_description1,shuffled_description2,shuffled_description3,shuffled_description4,shuffled_description5,answer
86,3c9b0459,"To make the output, you have to...rotate the grid 180 degrees counterclockwise.","To make the output, you have to...keep the grid as it is.","To make the output, you have to...rotate the grid 90 degrees clockwise.","To make the output, you have to...remove all squares from the grid.","To make the output, you have to...rotate the grid 180 degrees clockwise.",5
13,0b148d64,"To make the output, you have to...distinguish sections colored in identical patterns, then identify the single section that matches and copy only the matching section into the grid.","To make the output, you have to...ignore all differences and simply copy the first section as it appears into the output grid.","To make the output, you have to...distinguish between objects of identical size, identify the largest section, and then copy only the largest section into the output grid.","To make the output, you have to...distinguish between four sections colored in random patterns, and among these, identify the one section that is colored differently. Afterward, copy only the differently colored section into the output grid.","To make the output, you have to...combine all four sections into one large section and then copy the new section into the output grid.",4
96,42a50994,"To make the output, you have to...copy the input grid, identify which pixels are isolated and change background colors of connected pixels to red.","To make the output, you have to...copy the input grid, identify which pixels are isolated or touching nothing and change touching pixels to the background color or white.","To make the output, you have to...erase the input grid, identify which pixels are isolated and change the background color of connected pixels to white.","To make the output, you have to...copy the input grid, identify which pixels are connected or touching any other and change background colors of single pixels to the background color or black.","To make the output, you have to...copy the input grid, identify which pixels are touching the edges and change all pixels to white.",4
331,d406998b,"To make the output, you have to...begin from the right-most column and change the pink pixels in the odd-numbered columns with yellow.","To make the output, you have to...start from the top-most row and change the grey pixels in the even-numbered columns with blue.","To make the output, you have to...begin from the left-most column and change the grey pixels in the even-numbered columns with red.","To make the output, you have to...begin from the right-most column and change the grey pixels in the odd-numbered columns with green.","To make the output, you have to...start from the bottom-most row and change the grey pixels in the odd-numbered columns with black.",4
31,1e0a9b12,"To make the output, you have to...imagine the grid as an ocean and all the colored squares as boats floating horizontally at the top. Then, shift all of the blocks horizontally to the left. That produces the correct output grid.","To make the output, you have to...consider the grid as a white field and turn gravity off, making all the colored squares remain floating in place. That produces the correct output grid.","To make the output, you have to...envision the grid as a yellow field and the colored squares as balloons, and turn on a strong wind that pushes them all to the top. That produces the correct output grid.","To make the output, you have to...think of the grid as a black field and as the colored squares as being objects floating in space. Gravity is suddenly turned on and all of the block fall vertically to the bottom. That produces the correct output grid.","To make the output, you have to...think of the grid as a black field and rotate it 90 degrees to the right, where all colored squares move accordingly to the new orientation from left to right. That produces the correct output grid.",4
67,31aa019c,"To make the output, you have to...make the entire output grid black. then find the block in the input grid that is the only one of that color and place it in the same position in the output grid. Then surround that block with blocks of the bright red-orange color.","To make the output, you have to...make the entire output grid white, then find the block in the input grid that is the only one of that color and place it in the same position in the output grid. Then surround that block with blocks of the dark blue color.","To make the output, you have to...make the entire output grid empty, then find any block in the input grid and place it in a different position in the output grid. Then surround that block with blocks of the dark brown color.","To make the output, you have to...make the entire output grid yellow, then find the block in the input grid that is the only one of that color and place it in a new position in the output grid. Then surround that block with blocks of the light blue color.","To make the output, you have to...make the entire output grid green, then find the block in the input grid that is the only one of that color and randomly place it in the output grid. Then surround that block with blocks of the light yellow color.",1
145,662c240a,"To make the output, you have to...invert a diagonally symmetrical 3x3 grid from an 18x3 grid. It is composed with 6 two-tone 3x3 grids, which are vertically separated in.","To make the output, you have to...destroy a diagonally symmetrical 3x3 grid from a 9x3 grid. It is composed with 3 single-color 3x3 grids, which are randomly scattered in.","To make the output, you have to...transform a diagonally symmetrical 4x4 grid from a 9x3 grid. It is composed with 3 multi-color 4x4 grids, which are vertically aligned in.","To make the output, you have to...create an asymmetrical 3x3 grid from a 12x3 grid. It is composed with 4 monochromatic 3x3 grids, which are horizontally split in.","To make the output, you have to...replicate a non-diagonally symmetrical 3x3 grid from a 9x3 grid. It is composed with 3 Two-color 3x3 grids, which are vertically connected in.",5
234,995c5fa3,"To make the output, you have to...Identify the shapes of three objects from the input grid and determine their corresponding colors. A 4x4 square is red, an object with a center hole is light blue, an object indented on right and left sides is green, and an object indented at the bottom is yellow. Color each object from left to right in the input grid, filling the 3x3 output grid row by row from the top.","To make the output, you have to...identify the shapes of all objects from the input grid but ignore their corresponding colors. A 3x3 square is blue, an object with a top hole is gray, an object indented on the top and bottom sides is red, and an object indented on the left is pink. Color each object from right to left in the input grid, filling the 3x3 output grid column by column from the bottom.","To make the output, you have to...skip identifying shapes of objects from the input grid and focus on their colors. A 5x5 square is pink, an object with no center is yellow, an object indented on the left and right sides is blue, and an object with no indentations is brown. Change each object from left to right in the input grid, filling the 4x4 output grid diagonal by diagonal from the bottom.","To make the output, you have to...identify the shapes of two objects from the input grid and determine their sizes. A 2x2 square is blue, an object with a whole center is brown, an object indented on the top and bottom sides is black, and an object indented at the top is red. Leave each object from right to left in the input grid, filling the 2x2 output grid column by column from the top.","To make the output, you have to...identify the shapes of five objects from the input grid but ignore their colors. A 6x6 square is light blue, an object with a bottom hole is blue, an object indented on the left side only is red, and an object with a flat top is gray. Color each object from the diagonal positions in the input grid, filling the 4x4 output grid from the center outward.",1
307,c8cbb738,"To make the output, you have to...scatter groups of pixels of different colors while maintaining their shapes around multiple centers. The colors from the input grid must remain unchanged.","To make the output, you have to...combine groups of pixels of different colors while maintaining their shapes around a common center. The colors from the input grid must remain unchanged.","To make the output, you have to...randomize groups of pixels of different colors while altering their shapes around a common center. The colors from the input grid must remain unchanged.","To make the output, you have to...combine groups of pixels of the same color while maintaining their shapes around a common edge. The colors from the input grid must remain unchanged.","To make the output, you have to...separate groups of pixels of different colors while maintaining their shapes away from a common center. The colors from the input grid must remain unchanged.",2
273,b0c4d837,"To make the output, you have to...calculate the inside width of the U shape made of gray pixels. Subtract the width filled with light blue pixels from the original width of the U. Fill the 3x3 output grid with this difference in light blue pixels, starting from right to left on the top row, and left to right on the following rows.","To make the output, you have to...calculate the inside height of the U shape made of gray pixels. Add the height filled with light blue pixels to the original height of the U. Fill the 3x3 output grid with this sum in light blue pixels, starting from left to right on the top row, and right to left on the following rows.","To make the output, you have to...calculate the inside height of the U shape made of black pixels. Subtract the height filled with light blue pixels from the original height of the U. Fill the 3x3 output grid with this difference in red pixels, starting from left to right on the top row, and right to left on the following rows.","To make the output, you have to...calculate the inside height of the U shape made of gray pixels. Subtract the height filled with light blue pixels from the original height of the U. Fill the 3x3 output grid with this difference in light blue pixels, starting from left to right on the top row, and right to left on the following rows.","To make the output, you have to...ignore the inside height of the U shape made of gray pixels. Subtract the height filled with pink pixels from the original height of the U. Fill the 3x3 output grid with this difference in pink pixels, starting from left to right on the top row, and right to left on the following rows.",4
