task_id,task_name,r_ChatGPT4V_answer,r_ChatGPT4V_answer2,r_ChatGPT4V_answer3,r_ChatGPT4V_answer4,r_ChatGPT4V_answer5,r_ChatGPT4V_answer6,# correct
0,007bbfb7,0,1,0,1,1,0,3
1,00d62c1b,1,1,1,1,1,1,6
2,017c7c7b,1,1,1,1,1,1,6
3,025d127b,0,0,0,0,0,0,0
4,045e512c,0,1,1,0,1,1,4
5,0520fde7,1,1,1,1,1,1,6
7,05f2a901,1,1,1,1,1,1,6
8,06df4c85,1,1,1,1,1,1,6
9,08ed6ac7,1,1,1,1,1,1,6
10,09629e4f,1,1,1,1,1,1,6
11,0962bcdd,1,1,1,1,1,1,6
12,0a938d79,1,0,1,0,1,0,3
13,0b148d64,0,1,1,1,0,1,4
14,0ca9ddb6,1,1,1,1,1,1,6
15,0d3d703e,1,1,1,1,1,1,6
16,0dfd9992,1,1,1,1,1,1,6
17,0e206a2e,0,0,1,0,1,0,2
18,10fcaaa3,1,1,1,1,1,1,6
19,11852cab,1,1,0,0,0,1,3
20,1190e5a7,0,0,0,1,0,0,1
21,137eaa0f,1,1,1,1,1,1,6
22,150deff5,1,1,1,1,1,1,6
23,178fcbfb,1,1,1,1,1,1,6
24,1a07d186,1,1,1,1,1,1,6
25,1b2d62fb,1,1,1,1,1,1,6
26,1b60fb0c,1,1,1,1,1,1,6
27,1bfc4729,1,1,1,1,1,1,6
28,1c786137,1,0,1,0,1,1,4
29,1caeab9d,1,1,1,1,1,1,6
30,1cf80156,1,1,1,1,1,1,6
31,1e0a9b12,1,1,1,1,1,1,6
32,1e32b0e9,1,1,1,1,1,1,6
33,1f0c79e5,1,1,1,1,1,1,6
34,1f642eb9,1,1,1,1,1,1,6
35,1f85a75f,0,1,1,1,0,0,3
36,1f876c06,1,1,1,1,1,1,6
37,1fad071e,1,1,1,1,1,1,6
38,2013d3e2,1,1,1,0,1,1,5
39,2204b7a8,0,0,0,0,0,0,0
40,22168020,1,1,1,1,1,1,6
41,22233c11,1,1,1,1,1,1,6
42,2281f1f4,1,1,1,1,1,1,6
43,228f6490,0,1,1,1,1,0,4
44,22eb0ac0,1,1,1,1,1,1,6
45,234bbc79,1,1,1,1,1,1,6
46,23581191,1,1,1,1,1,1,6
47,239be575,1,1,1,1,1,1,6
48,23b5c85d,1,1,1,1,1,1,6
49,253bf280,1,1,0,0,1,1,4
50,25d487eb,0,1,1,1,0,1,4
51,25d8a9c8,0,0,0,0,0,0,0
52,25ff71a9,0,1,1,1,1,1,5
53,264363fd,0,0,0,0,0,0,0
54,272f95fa,0,1,0,0,0,0,1
55,27a28665,0,1,1,0,1,1,4
56,28bf18c6,0,0,0,0,0,0,0
57,28e73c20,1,1,1,1,1,1,6
58,29623171,1,1,0,1,1,1,5
59,29c11459,0,0,0,0,0,0,0
60,29ec7d0e,1,1,1,1,1,1,6
61,2bcee788,1,1,1,1,1,1,6
62,2bee17df,1,1,1,1,1,1,6
63,2c608aff,0,0,0,0,0,0,0
64,2dc579da,1,1,1,1,1,1,6
65,2dd70a9a,1,1,1,1,1,1,6
66,2dee498d,1,1,1,1,1,1,6
67,31aa019c,1,1,1,1,1,1,6
68,321b1fc6,0,0,0,0,0,0,0
69,32597951,1,1,1,1,1,1,6
70,3345333e,1,1,1,1,1,1,6
71,3428a4f5,0,0,0,0,0,0,0
72,3618c87e,1,1,1,1,1,1,6
73,3631a71a,1,1,1,0,1,1,5
74,363442ee,1,1,1,1,1,1,6
75,36d67576,1,1,0,0,1,0,3
76,36fdfd69,1,0,1,1,1,1,5
77,3906de3d,1,1,1,1,1,1,6
78,39a8645d,0,1,0,1,0,0,2
79,39e1d7f9,1,1,1,1,1,1,6
80,3aa6fb7a,1,1,1,1,1,1,6
81,3ac3eb23,1,1,0,1,1,1,5
82,3af2c5a8,0,0,0,0,0,0,0
83,3bd67248,1,1,0,0,1,1,4
84,3bdb4ada,1,1,1,1,1,1,6
85,3befdf3e,1,1,1,1,1,1,6
86,3c9b0459,0,0,0,0,0,0,0
87,3de23699,1,1,1,1,1,1,6
88,3e980e27,1,1,1,1,1,1,6
89,3eda0437,1,1,1,1,1,1,6
90,3f7978a0,1,1,1,1,1,1,6
91,40853293,1,1,1,1,1,1,6
92,4093f84a,1,1,0,0,0,0,2
93,41e4d17e,1,1,1,1,1,1,6
94,4258a5f9,1,1,1,1,1,1,6
95,4290ef0e,1,1,1,1,1,1,6
96,42a50994,0,0,0,0,0,0,0
97,4347f46a,1,0,1,1,1,1,5
98,444801d8,1,1,1,1,1,1,6
99,445eab21,1,1,1,1,1,1,6
100,447fd412,1,1,1,1,1,1,6
101,44d8ac46,1,1,1,1,1,1,6
102,44f52bb0,1,1,1,1,1,1,6
103,4522001f,1,1,1,1,1,1,6
104,4612dd53,1,1,1,1,1,1,6
105,46442a0e,1,1,1,1,0,1,5
106,469497ad,1,1,1,1,1,1,6
107,46f33fce,0,0,0,0,0,0,0
108,47c1f68c,1,0,1,1,1,1,5
109,484b58aa,1,1,1,1,1,1,6
110,48d8fb45,1,1,1,1,1,1,6
111,4938f0c2,1,1,1,1,1,1,6
112,496994bd,1,1,1,1,1,1,6
113,49d1d64f,1,1,1,1,1,1,6
114,4be741c5,0,0,1,0,0,1,2
115,4c4377d9,0,0,0,0,0,0,0
116,4c5c2cf0,1,1,1,1,1,1,6
117,50846271,1,1,0,1,1,1,5
118,508bd3b6,1,1,1,1,1,1,6
119,50cb2852,1,1,1,1,1,1,6
120,5.12E+65,1,1,1,1,1,1,6
121,5168d44c,1,1,1,1,1,1,6
122,539a4f51,1,1,1,1,0,1,5
123,53b68214,1,1,1,1,1,1,6
124,543a7ed5,1,0,0,1,1,1,4
125,54d82841,1,1,1,1,1,1,6
126,54d9e175,1,1,1,1,1,1,6
127,5521c0d9,1,1,1,1,1,1,6
128,5582e5ca,1,1,1,1,1,1,6
129,5614dbcf,1,1,1,1,1,1,6
130,56dc2b01,1,1,1,1,1,1,6
131,56ff96f3,1,1,1,1,1,1,6
132,57aa92db,1,1,1,1,1,1,6
133,5ad4f10b,1,1,1,1,1,1,6
134,5bd6f4ac,0,0,0,0,0,0,0
135,5c0a986e,1,1,1,1,1,1,6
136,5c2c9af4,1,1,1,1,1,1,6
137,5daaa586,1,1,1,1,1,1,6
138,60b61512,1,1,1,1,1,1,6
139,6150a2bd,1,1,1,1,0,1,5
140,623ea044,1,1,1,1,1,1,6
141,62c24649,1,1,1,1,1,1,6
142,63613498,1,1,0,1,1,1,5
143,6430c8c4,1,1,1,1,1,1,6
144,6455b5f5,0,0,1,0,0,0,1
145,662c240a,1,1,1,1,1,0,5
146,67385a82,1,0,0,0,1,0,2
147,673ef223,0,0,0,0,0,0,0
148,6773b310,1,1,1,1,1,1,6
149,67a3c6ac,0,0,0,0,0,0,0
150,67a423a3,1,1,1,1,1,1,6
151,67e8384a,0,0,0,0,0,0,0
152,681b3aeb,1,1,1,1,1,1,6
153,6855a6e4,1,0,1,0,0,0,2
154,68b16354,0,0,0,0,0,0,0
155,694f12f3,0,0,0,0,0,0,0
156,6a1e5592,1,1,1,1,0,0,4
157,6aa20dc0,1,1,1,1,1,1,6
158,6b9890af,0,1,0,0,0,0,1
159,6c434453,1,1,1,1,1,1,6
160,6cdd2623,0,0,0,0,0,0,0
161,6cf79266,1,1,1,1,1,1,6
162,6d0160f0,1,1,1,1,1,1,6
163,6d0aefbc,0,0,1,1,0,1,3
164,6d58a25d,1,1,1,1,1,1,6
165,6d75e8bb,1,1,1,0,1,1,5
166,6e02f1e3,0,0,0,0,0,0,0
167,6e19193c,1,1,1,1,1,0,5
168,6e82a1ae,1,1,1,0,1,1,5
169,6ecd11f4,1,1,1,1,1,1,6
170,6f8cd79b,1,1,1,1,1,0,5
171,6fa7a44f,0,0,0,0,0,0,0
172,72322fa7,1,1,1,1,1,1,6
173,72ca375d,0,0,0,0,0,0,0
174,73251a56,1,1,1,1,1,1,6
175,7447852a,1,1,1,1,1,1,6
176,7468f01a,1,1,1,1,1,1,6
177,746b3537,1,1,1,1,1,1,6
178,74dd1130,0,0,0,0,0,0,0
179,75b8110e,0,0,0,0,0,0,0
180,760b3cac,1,1,1,0,0,1,4
181,776ffc46,0,0,0,0,0,0,0
182,77fdfe62,1,1,1,1,1,1,6
183,780d0b14,1,1,1,1,1,1,6
184,7837ac64,1,1,1,1,1,1,6
185,794b24be,1,1,1,1,1,1,6
186,7b6016b9,1,1,1,1,1,1,6
187,7b7f7511,0,0,0,0,0,0,0
188,7c008303,1,1,1,1,1,1,6
189,7ddcd7ec,1,1,1,1,1,1,6
190,7df24a62,1,1,1,1,1,1,6
191,7e0986d6,1,1,1,1,1,1,6
192,7f4411dc,1,1,1,1,1,1,6
193,7fe24cdd,1,0,0,0,1,1,3
194,80af3007,0,0,0,0,0,0,0
195,810b9b61,1,1,1,1,1,1,6
196,82819916,1,1,1,1,1,1,6
197,83302e8f,0,1,1,1,1,1,5
198,834ec97d,1,1,1,1,1,1,6
199,8403a5d5,1,1,1,1,1,1,6
200,846bdb03,1,1,0,0,0,1,3
201,855e0971,1,1,1,1,1,1,6
202,85c4e7cd,0,0,0,0,0,0,0
203,868de0fa,0,1,0,0,0,0,1
204,8731374e,0,0,1,0,1,0,2
205,88a10436,0,0,1,1,0,1,3
206,88a62173,1,0,0,0,0,0,1
207,8.90E+14,1,1,1,1,1,1,6
208,8a004b2b,1,1,1,1,1,1,6
209,8be77c9e,1,0,0,1,0,0,2
210,8d5021e8,0,0,0,0,0,0,0
211,8d510a79,1,1,1,1,1,1,6
212,8e1813be,1,1,1,1,1,1,6
213,8e5a5113,1,1,1,1,1,1,6
214,8eb1be9a,1,1,1,1,1,1,6
215,8efcae92,1,1,1,1,1,1,6
216,8f2ea7aa,1,1,1,0,0,0,3
217,90c28cc7,1,1,1,1,1,1,6
218,90f3ed37,0,1,0,1,1,0,3
219,913fb3ed,1,1,1,1,1,1,6
220,91413438,1,1,1,1,1,1,6
221,91714a58,1,1,1,1,1,1,6
222,9172f3a0,1,1,1,1,1,1,6
223,928ad970,1,1,1,1,1,1,6
224,93b581b8,0,1,1,0,1,0,3
225,941d9a10,0,1,0,0,1,0,2
226,94f9d214,1,1,1,1,1,1,6
227,952a094c,1,1,1,1,1,1,6
228,9565186b,1,1,1,1,1,1,6
229,95990924,1,1,0,0,1,1,4
230,963e52fc,1,1,1,1,1,1,6
231,97999447,1,1,1,1,1,1,6
232,97a05b5b,0,0,0,0,0,1,1
233,98cf29f8,1,1,1,1,1,1,6
234,995c5fa3,0,0,0,0,0,0,0
235,99b1bc43,1,1,1,1,1,1,6
236,99fa7670,1,1,1,1,1,1,6
237,9aec4887,1,1,1,0,1,1,5
238,9af7a82c,1,1,1,1,1,1,6
239,9d9215db,1,1,1,1,1,1,6
240,9dfd6313,0,1,1,1,1,1,5
241,9ecd008a,0,0,0,0,0,0,0
242,9edfc990,0,0,0,0,0,0,0
243,9f236235,1,1,1,1,1,1,6
244,a1570a43,0,0,0,0,0,0,0
245,a2fd1cf0,1,1,1,1,1,1,6
246,a3325580,0,0,0,0,0,0,0
247,a3df8b1e,1,1,1,1,1,1,6
248,a416b8f3,1,1,1,1,1,1,6
249,a48eeaf7,1,1,1,1,1,1,6
250,a5313dff,1,1,1,0,1,0,4
251,a5f85a15,0,0,0,0,0,0,0
252,a61ba2ce,1,1,1,0,1,1,5
253,a61f2674,1,1,1,1,1,1,6
254,a64e4611,1,1,1,1,1,1,6
255,a65b410d,1,1,1,1,1,1,6
256,a68b268e,1,0,0,1,1,0,3
257,a699fb00,1,1,1,1,1,1,6
258,a740d043,0,0,0,1,1,0,2
259,a78176bb,1,1,1,1,0,1,5
260,a79310a0,0,1,1,1,1,1,5
261,a85d4709,1,1,1,1,1,1,6
262,a87f7484,0,1,1,1,1,1,5
263,a8c38be5,1,1,1,1,1,1,6
264,a8d7556c,1,1,1,1,1,1,6
265,a9f96cdd,1,1,1,1,1,1,6
266,aabf363d,1,1,1,1,1,1,6
267,aba27056,1,1,1,1,1,1,6
268,ac0a08a4,1,1,1,1,1,0,5
269,ae3edfdc,1,1,1,1,1,1,6
270,ae4f1146,1,1,1,1,1,1,6
271,aedd82e4,1,1,1,1,1,1,6
272,af902bf9,1,0,1,1,1,0,4
273,b0c4d837,1,1,0,1,1,1,5
274,b190f7f5,0,1,0,0,0,0,1
275,b1948b0a,1,1,1,1,1,1,6
276,b230c067,1,1,1,1,1,1,6
277,b27ca6d3,1,1,1,1,1,1,6
278,b2862040,1,1,1,1,1,0,5
279,b527c5c6,0,0,0,0,0,0,0
280,b548a754,1,1,1,1,1,1,6
281,b60334d2,1,1,1,1,1,1,6
282,b6afb2da,1,1,1,1,1,1,6
283,b7249182,1,1,1,1,1,0,5
284,b775ac94,1,1,1,1,1,1,6
285,b782dc8a,1,0,1,1,1,1,5
286,b8825c91,1,1,1,1,1,1,6
287,b8cdaf2b,0,0,0,0,0,0,0
288,b91ae062,1,1,1,1,1,1,6
289,b94a9452,1,1,1,1,1,1,6
290,b9b7f026,1,1,1,1,1,1,6
291,ba26e723,1,1,1,1,1,1,6
292,ba97ae07,1,1,1,1,1,1,6
293,bb43febb,1,1,1,1,1,1,6
294,bbc9ae5d,1,1,1,0,1,1,5
295,bc1d5164,1,1,1,1,1,1,6
296,bd4472b8,1,1,1,1,1,1,6
297,bda2d7a6,0,0,0,1,0,0,1
298,bdad9b1f,1,1,1,1,1,1,6
299,be94b721,0,0,0,0,1,0,1
300,beb8660c,0,0,0,0,0,0,0
301,c0f76784,1,1,1,1,1,1,6
302,c1d99e64,1,1,0,1,0,0,3
303,c3e719e8,1,1,1,1,1,1,6
304,c3f564a4,1,0,1,1,1,1,5
305,c444b776,1,1,1,1,1,1,6
306,c59eb873,1,1,0,1,1,1,5
307,c8cbb738,1,1,1,1,1,1,6
308,c8f0f002,1,1,1,1,1,1,6
309,c909285e,1,1,1,1,1,1,6
310,c9e6f938,1,1,1,1,1,0,5
311,c9f8e694,0,1,1,1,1,1,5
312,caa06a1f,1,1,1,1,1,1,6
313,cbded52d,1,1,1,1,1,1,6
314,cce03e0d,0,0,0,0,0,0,0
315,cdecee7f,1,1,1,1,1,1,6
316,ce22a75a,1,1,1,1,1,1,6
317,ce4f8723,1,1,1,1,1,1,6
318,ce602527,1,1,1,1,1,1,6
319,ce9e57f2,1,1,1,1,1,1,6
320,cf98881b,0,0,0,0,0,0,0
321,d037b0a7,1,1,1,1,1,1,6
322,d06dbe63,0,1,1,1,0,1,4
323,d07ae81c,1,1,1,1,1,1,6
324,d0f5fe59,1,1,1,1,1,1,6
325,d10ecb37,0,0,1,0,0,0,1
326,d13f3404,1,1,1,1,1,1,6
327,d22278a0,0,0,0,0,0,0,0
328,d23f8c26,1,1,1,1,1,1,6
329,d2abd087,1,1,1,1,1,1,6
330,d364b489,1,1,1,0,1,1,5
331,d406998b,1,0,0,0,0,0,1
332,d43fd935,1,1,1,1,1,1,6
333,d4469b4b,1,1,1,1,1,1,6
334,d4a91cb9,1,1,1,1,1,1,6
335,d4f3cd78,1,1,1,1,1,1,6
336,d511f180,1,1,1,1,1,1,6
337,d5d6de2d,1,1,1,1,1,1,6
338,d631b094,1,0,1,0,1,0,3
339,d687bc17,1,1,0,0,0,0,2
340,d6ad076f,1,1,0,0,0,1,3
341,d89b689b,0,1,0,1,1,1,4
342,d8c310e9,1,0,1,1,1,1,5
343,d90796e8,1,1,1,1,1,1,6
344,d9f24cd1,0,0,0,0,0,0,0
345,d9fac9be,1,1,0,0,0,0,2
346,dae9d2b5,1,1,1,1,1,1,6
347,db3e9e38,1,1,1,1,1,1,6
348,db93a21d,1,1,1,1,1,1,6
349,dbc1a6ce,1,1,1,1,1,1,6
350,dc0a314f,0,0,0,0,0,0,0
351,dc1df850,0,0,0,1,1,1,3
352,dc433765,1,1,1,1,1,1,6
353,ddf7fa4f,1,1,1,1,1,1,6
354,de1cd16c,1,1,1,1,1,1,6
355,ded97339,0,0,0,0,0,0,0
356,e179c5f4,1,1,1,1,1,1,6
357,e21d9049,0,0,1,1,1,1,4
358,e26a3af2,1,1,1,1,0,1,5
359,e3497940,0,1,1,1,1,1,5
360,e40b9e2f,1,0,0,0,0,0,1
361,e48d4e1a,1,1,1,1,1,1,6
362,e5062a87,1,1,1,1,1,1,6
363,e509e548,1,1,1,1,1,1,6
364,e50d258f,1,1,1,1,1,1,6
365,e6721834,1,1,1,1,1,1,6
366,e73095fd,0,1,1,1,1,0,4
367,e76a88a6,1,1,1,1,1,1,6
368,e8593010,1,1,1,1,1,1,6
369,e8dc4411,1,1,1,1,1,1,6
370,e9614598,1,1,1,1,1,1,6
371,e98196ab,0,0,0,0,0,0,0
372,e9afcf9a,0,0,1,1,0,1,3
373,ea32f347,0,0,0,0,0,0,0
374,ea786f4a,1,1,1,1,1,1,6
375,eb281b96,0,1,0,0,1,0,2
376,eb5a1d5d,0,1,1,1,1,1,5
377,ec883f72,0,1,1,0,0,1,3
378,ecdecbb3,1,1,1,1,1,1,6
379,ed36ccf7,0,0,0,0,0,0,0
380,ef135b50,1,1,1,1,1,1,6
381,f15e1fac,1,1,1,1,1,1,6
382,f1cefba8,0,0,0,0,0,0,0
383,f25fbde4,1,1,1,1,1,1,6
384,f25ffba3,0,0,0,0,0,0,0
385,f2829549,1,1,1,1,1,1,6
386,f35d900a,1,1,1,1,1,1,6
387,f5b8619d,1,0,1,1,1,1,5
388,f76d97a5,1,1,1,1,1,1,6
389,f8a8fe49,1,1,1,1,1,1,6
390,f8b3ba0a,0,0,0,0,0,0,0
391,f8c80d96,1,1,1,1,1,1,6
392,f8ff0b80,1,1,1,1,1,1,6
393,f9012d9b,1,1,0,1,1,1,5
394,fafffa47,1,1,1,1,1,1,6
395,fcb5c309,0,0,0,0,0,0,0
396,fcc82909,1,1,1,1,1,1,6
397,feca6190,0,0,1,1,0,0,2
398,ff28f65a,1,1,1,1,1,1,6
399,ff805c23,0,0,0,0,1,0,1
