task_id,task_name,ChatGPT4V_answer_no_image,ChatGPT4V_answer_no_image2,ChatGPT4V_answer_no_image3,ChatGPT4V_answer_no_image4,ChatGPT4V_answer_no_image5,# correct
0,007bbfb7,1,1,1,1,1,5
1,00d62c1b,1,1,1,1,1,5
3,025d127b,0,1,1,0,0,2
4,045e512c,1,0,0,1,1,3
5,0520fde7,1,1,1,1,1,5
7,05f2a901,1,1,1,1,1,5
8,06df4c85,1,1,1,1,1,5
9,08ed6ac7,0,1,1,1,1,4
10,09629e4f,1,0,0,0,0,1
11,0962bcdd,1,1,1,1,1,5
12,0a938d79,1,1,1,1,1,5
13,0b148d64,0,1,1,1,1,4
14,0ca9ddb6,1,0,0,0,1,2
15,0d3d703e,0,1,1,1,1,4
16,0dfd9992,1,0,0,0,0,1
17,0e206a2e,0,0,1,0,1,2
18,10fcaaa3,1,1,1,1,0,4
19,11852cab,0,1,1,1,1,4
20,1190e5a7,1,0,0,0,0,1
21,137eaa0f,0,1,1,1,1,4
22,150deff5,1,0,0,0,1,2
23,178fcbfb,1,1,1,1,1,5
24,1a07d186,1,1,1,1,0,4
25,1b2d62fb,0,1,1,1,1,4
26,1b60fb0c,1,0,1,0,0,2
27,1bfc4729,0,1,0,1,0,2
28,1c786137,1,0,1,0,1,3
29,1caeab9d,1,0,1,0,1,3
30,1cf80156,1,1,1,1,1,5
31,1e0a9b12,1,1,1,1,1,5
32,1e32b0e9,1,1,1,1,1,5
33,1f0c79e5,1,1,1,0,1,4
34,1f642eb9,1,1,1,1,0,4
35,1f85a75f,1,0,1,1,1,4
36,1f876c06,1,0,1,1,1,4
37,1fad071e,1,0,1,0,0,2
38,2013d3e2,1,1,1,1,1,5
39,2204b7a8,1,1,1,1,1,5
40,22168020,1,1,1,0,1,4
41,22233c11,1,1,1,1,1,5
42,2281f1f4,1,1,1,1,1,5
43,228f6490,1,1,1,1,1,5
44,22eb0ac0,1,1,1,1,1,5
45,234bbc79,1,1,1,1,1,5
46,23581191,1,1,1,1,1,5
47,239be575,1,1,1,1,0,4
48,23b5c85d,1,1,0,1,1,4
49,253bf280,0,1,1,1,1,4
50,25d487eb,1,0,1,0,0,2
51,25d8a9c8,1,1,0,1,1,4
52,25ff71a9,0,1,1,1,0,3
53,264363fd,1,0,1,0,1,3
54,272f95fa,0,1,1,1,1,4
55,27a28665,1,1,0,0,0,2
56,28bf18c6,0,1,1,1,1,4
58,29623171,1,0,0,0,1,2
59,29c11459,0,0,1,0,1,2
60,29ec7d0e,1,1,1,1,0,4
61,2bcee788,1,0,1,0,1,3
62,2bee17df,1,1,1,1,1,5
63,2c608aff,0,1,1,1,1,4
64,2dc579da,1,1,0,1,1,4
65,2dd70a9a,1,0,1,0,0,2
66,2dee498d,1,1,1,1,0,4
67,31aa019c,1,1,0,1,1,4
68,321b1fc6,0,1,1,0,1,3
69,32597951,1,1,1,1,1,5
70,3345333e,1,0,0,0,1,2
71,3428a4f5,1,1,1,1,0,4
72,3618c87e,0,1,1,1,1,4
73,3631a71a,1,1,0,0,1,3
74,363442ee,1,1,1,0,1,4
75,36d67576,0,1,0,1,1,3
76,36fdfd69,1,1,0,1,1,4
77,3906de3d,1,0,1,0,0,2
78,39a8645d,1,1,1,1,0,4
79,39e1d7f9,1,1,1,1,1,5
80,3aa6fb7a,1,0,0,1,1,3
81,3ac3eb23,1,1,0,1,0,3
82,3af2c5a8,0,1,1,1,1,4
83,3bd67248,0,1,1,0,1,3
84,3bdb4ada,1,1,0,0,0,2
85,3befdf3e,1,0,1,0,1,3
86,3c9b0459,0,1,0,1,1,3
87,3de23699,1,1,1,1,1,5
88,3e980e27,1,1,1,0,0,3
89,3eda0437,0,0,1,0,1,2
90,3f7978a0,1,1,0,1,1,4
91,40853293,1,0,1,0,0,2
92,4093f84a,1,1,1,1,1,5
93,41e4d17e,0,1,0,1,1,3
94,4258a5f9,1,1,1,1,1,5
95,4290ef0e,1,0,1,0,1,3
96,42a50994,0,1,1,1,0,3
97,4347f46a,1,1,1,1,1,5
98,444801d8,1,0,0,0,1,2
99,445eab21,1,1,0,1,1,4
100,447fd412,1,1,1,1,0,4
101,44d8ac46,0,1,1,1,1,4
102,44f52bb0,0,1,1,1,0,3
103,4522001f,1,0,1,0,1,3
104,4612dd53,1,0,0,0,1,2
105,46442a0e,1,1,0,1,1,4
106,469497ad,0,1,1,1,1,4
107,46f33fce,0,1,1,1,1,4
108,47c1f68c,1,0,1,1,0,3
109,484b58aa,1,0,1,0,0,2
110,48d8fb45,1,0,1,0,1,3
111,4938f0c2,1,1,0,1,1,4
112,496994bd,1,0,0,1,1,3
113,49d1d64f,1,1,1,1,1,5
114,4be741c5,0,1,1,1,1,4
115,4c4377d9,0,1,1,1,0,3
116,4c5c2cf0,1,0,1,0,1,3
117,50846271,0,0,1,0,1,2
118,508bd3b6,1,1,1,1,1,5
119,50cb2852,1,1,1,0,0,3
120,5.12E+65,1,1,1,1,1,5
121,5168d44c,0,1,1,1,1,4
122,539a4f51,0,1,1,1,0,3
123,53b68214,1,0,1,0,0,2
124,543a7ed5,1,0,0,1,1,3
125,54d82841,1,1,1,1,1,5
126,54d9e175,0,1,1,1,0,3
127,5521c0d9,1,1,1,1,1,5
128,5582e5ca,1,0,0,0,1,2
129,5614dbcf,1,1,0,1,1,4
130,56dc2b01,0,1,1,1,0,3
131,56ff96f3,1,0,1,0,0,2
132,57aa92db,1,0,0,0,1,2
133,5ad4f10b,1,1,0,1,1,4
134,5bd6f4ac,0,1,1,1,1,4
135,5c0a986e,1,1,1,0,1,4
136,5c2c9af4,1,0,1,0,1,3
137,5daaa586,1,0,1,1,1,4
138,60b61512,0,1,1,1,0,3
139,6150a2bd,0,1,1,1,1,4
140,623ea044,1,0,1,0,0,2
141,62c24649,1,0,0,0,0,1
142,63613498,1,1,0,1,0,3
143,6430c8c4,1,1,0,1,1,4
144,6455b5f5,1,1,0,1,1,4
145,662c240a,1,1,0,1,0,3
146,67385a82,1,1,0,1,0,3
147,673ef223,0,1,0,1,0,2
148,6773b310,1,1,0,1,1,4
149,67a3c6ac,0,0,1,0,1,2
150,67a423a3,0,1,0,1,1,3
151,67e8384a,0,0,0,0,1,1
152,681b3aeb,0,0,1,0,0,1
153,6855a6e4,0,0,1,0,1,2
154,68b16354,0,0,1,0,1,2
155,694f12f3,0,1,1,1,1,4
156,6a1e5592,0,0,1,0,1,2
157,6aa20dc0,1,0,0,0,1,2
158,6b9890af,0,0,1,0,0,1
159,6c434453,1,1,1,1,0,4
160,6cdd2623,1,0,0,0,1,2
161,6cf79266,1,0,0,0,0,1
162,6d0160f0,0,1,1,1,1,4
163,6d0aefbc,1,1,0,1,0,3
164,6d58a25d,1,1,1,0,1,4
165,6d75e8bb,1,1,0,1,1,4
166,6e02f1e3,0,1,1,1,0,3
167,6e19193c,1,1,1,1,0,4
168,6e82a1ae,1,0,0,0,1,2
169,6ecd11f4,1,1,0,1,1,4
170,6f8cd79b,0,1,1,1,1,4
171,6fa7a44f,0,1,1,1,0,3
172,72322fa7,1,1,1,0,0,3
173,72ca375d,0,0,0,0,1,1
174,73251a56,1,1,0,1,1,4
175,7447852a,1,0,1,0,0,2
176,7468f01a,1,1,1,1,1,5
177,746b3537,1,0,0,0,0,1
178,74dd1130,0,1,1,1,0,3
179,75b8110e,0,1,0,1,1,3
180,760b3cac,1,0,0,0,1,2
181,776ffc46,1,0,1,0,1,3
182,77fdfe62,1,1,1,1,1,5
183,780d0b14,0,1,1,1,1,4
184,7837ac64,1,1,1,1,0,4
185,794b24be,1,1,1,0,1,4
186,7b6016b9,1,0,1,0,1,3
187,7b7f7511,0,1,1,1,1,4
188,7c008303,1,1,1,1,0,4
189,7ddcd7ec,0,0,1,0,1,2
190,7df24a62,0,1,0,1,0,2
191,7e0986d6,1,0,1,0,0,2
192,7f4411dc,0,0,0,0,1,1
193,7fe24cdd,1,1,0,1,1,4
194,80af3007,1,1,1,1,0,4
195,810b9b61,1,1,1,1,1,5
196,82819916,1,1,1,1,1,5
197,83302e8f,1,1,1,1,1,5
198,834ec97d,0,1,1,1,1,4
199,8403a5d5,1,1,1,0,1,4
200,846bdb03,1,0,1,0,1,3
201,855e0971,1,1,1,1,1,5
202,85c4e7cd,0,1,1,1,1,4
203,868de0fa,1,1,0,1,1,4
204,8731374e,0,0,0,0,1,1
205,88a10436,1,1,1,1,0,4
206,88a62173,1,0,1,0,1,3
207,8.90E+14,1,0,0,1,0,2
208,8a004b2b,0,1,1,1,0,3
209,8be77c9e,1,0,0,0,1,2
210,8d5021e8,0,0,0,0,1,1
211,8d510a79,1,1,1,1,1,5
212,8e1813be,1,0,1,0,1,3
213,8e5a5113,1,1,1,1,0,4
214,8eb1be9a,1,1,1,1,1,5
215,8efcae92,1,1,0,1,1,4
216,8f2ea7aa,1,1,1,1,0,4
217,90c28cc7,1,1,1,1,0,4
218,90f3ed37,1,1,0,1,0,3
219,913fb3ed,1,1,0,1,0,3
220,91413438,0,1,1,0,1,3
221,91714a58,0,1,0,1,1,3
222,9172f3a0,1,0,1,0,1,3
223,928ad970,0,0,1,0,1,2
224,93b581b8,0,1,1,1,1,4
225,941d9a10,1,0,0,1,1,3
226,94f9d214,1,0,0,1,0,2
227,952a094c,1,0,0,1,0,2
228,9565186b,1,1,0,1,1,4
229,95990924,0,1,1,1,0,3
230,963e52fc,1,0,0,1,0,2
231,97999447,1,0,1,0,1,3
232,97a05b5b,0,1,1,1,1,4
233,98cf29f8,1,1,1,1,0,4
234,995c5fa3,0,0,1,0,1,2
235,99b1bc43,1,1,1,0,1,4
236,99fa7670,1,0,0,0,0,1
237,9aec4887,0,0,1,0,1,2
238,9af7a82c,1,1,0,0,0,2
239,9d9215db,1,1,1,0,1,4
240,9dfd6313,1,1,0,1,0,3
241,9ecd008a,0,1,0,1,0,2
242,9edfc990,0,1,1,1,1,4
243,9f236235,1,1,1,0,1,4
244,a1570a43,0,0,1,0,1,2
245,a2fd1cf0,1,1,1,0,1,4
246,a3325580,0,0,0,0,1,1
247,a3df8b1e,0,1,0,1,0,2
248,a416b8f3,1,0,0,0,0,1
249,a48eeaf7,0,0,1,0,1,2
250,a5313dff,1,1,1,1,1,5
251,a5f85a15,1,1,1,1,1,5
252,a61ba2ce,1,0,0,1,0,2
253,a61f2674,0,1,1,1,1,4
254,a64e4611,1,0,1,1,1,4
255,a65b410d,0,0,0,0,1,1
256,a68b268e,0,1,0,1,0,2
257,a699fb00,0,0,1,0,0,1
258,a740d043,1,0,1,1,1,4
259,a78176bb,1,0,1,0,1,3
260,a79310a0,0,1,0,1,1,3
261,a85d4709,0,0,1,0,1,2
262,a87f7484,1,0,0,0,1,2
263,a8c38be5,1,0,1,1,1,4
264,a8d7556c,1,1,1,0,0,3
265,a9f96cdd,1,1,0,1,1,4
266,aabf363d,0,1,1,1,1,4
267,aba27056,0,1,1,0,1,3
268,ac0a08a4,0,0,1,0,1,2
269,ae3edfdc,1,0,1,0,1,3
270,ae4f1146,1,0,1,0,1,3
271,aedd82e4,1,1,1,1,1,5
272,af902bf9,1,1,1,1,0,4
273,b0c4d837,0,1,0,1,1,3
274,b190f7f5,1,1,1,0,1,4
275,b1948b0a,0,1,0,0,0,1
276,b230c067,1,1,1,1,0,4
277,b27ca6d3,0,0,0,0,0,0
278,b2862040,0,1,0,1,0,2
279,b527c5c6,0,0,0,0,1,1
280,b548a754,1,0,1,0,1,3
281,b60334d2,1,1,1,1,0,4
282,b6afb2da,0,1,1,1,1,4
283,b7249182,1,1,0,1,1,4
284,b775ac94,1,0,1,0,0,2
285,b782dc8a,1,1,1,1,1,5
286,b8825c91,1,1,0,1,1,4
287,b8cdaf2b,0,1,1,1,1,4
288,b91ae062,1,1,1,1,1,5
289,b94a9452,1,0,1,0,1,3
290,b9b7f026,1,1,1,1,1,5
291,ba26e723,1,1,1,1,0,4
292,ba97ae07,1,1,1,1,0,4
293,bb43febb,1,1,1,1,1,5
294,bbc9ae5d,1,1,1,1,1,5
295,bc1d5164,1,1,1,1,0,4
296,bd4472b8,1,1,0,1,1,4
297,bda2d7a6,1,0,0,0,1,2
298,bdad9b1f,1,1,1,1,0,4
299,be94b721,1,1,1,1,1,5
300,beb8660c,0,0,1,0,1,2
301,c0f76784,0,1,1,0,0,2
302,c1d99e64,1,0,1,0,1,3
303,c3e719e8,1,1,1,0,1,4
304,c3f564a4,1,1,1,1,1,5
305,c444b776,1,1,1,1,1,5
306,c59eb873,1,1,0,1,1,4
307,c8cbb738,1,0,0,0,1,2
308,c8f0f002,0,1,1,1,1,4
309,c909285e,0,1,1,1,1,4
310,c9e6f938,1,0,0,0,0,1
311,c9f8e694,1,1,1,1,0,4
312,caa06a1f,1,1,0,1,1,4
313,cbded52d,1,1,0,1,0,3
314,cce03e0d,1,1,1,1,1,5
315,cdecee7f,0,1,0,1,0,2
316,ce22a75a,0,1,1,1,0,3
317,ce4f8723,1,1,0,0,0,2
318,ce602527,1,0,0,0,0,1
319,ce9e57f2,0,1,1,1,0,3
320,cf98881b,0,1,1,1,1,4
321,d037b0a7,0,1,1,0,0,2
322,d06dbe63,1,0,1,1,0,3
323,d07ae81c,1,1,1,1,0,4
324,d0f5fe59,1,0,1,0,1,3
325,d10ecb37,1,1,1,1,1,5
326,d13f3404,1,1,1,1,1,5
327,d22278a0,1,0,1,1,1,4
328,d23f8c26,1,1,1,1,1,5
329,d2abd087,1,0,1,1,1,4
330,d364b489,1,1,1,0,0,3
331,d406998b,0,1,1,1,1,4
332,d43fd935,1,0,1,0,1,3
333,d4469b4b,1,0,0,0,1,2
334,d4a91cb9,0,1,1,1,1,4
335,d4f3cd78,0,1,1,1,1,4
336,d511f180,1,0,1,0,1,3
337,d5d6de2d,1,0,0,0,0,1
338,d631b094,0,1,1,1,1,4
339,d687bc17,0,1,0,1,1,3
340,d6ad076f,0,0,1,0,1,2
341,d89b689b,0,1,0,1,0,2
342,d8c310e9,1,0,1,0,1,3
343,d90796e8,1,0,0,0,1,2
344,d9f24cd1,0,1,1,1,1,4
345,d9fac9be,1,0,1,0,0,2
346,dae9d2b5,0,1,0,1,1,3
347,db3e9e38,0,1,1,1,1,4
348,db93a21d,0,0,0,0,0,0
349,dbc1a6ce,1,0,0,0,1,2
350,dc0a314f,1,0,0,0,1,2
351,dc1df850,1,1,1,0,0,3
352,dc433765,1,1,1,1,1,5
353,ddf7fa4f,1,1,1,1,0,4
354,de1cd16c,1,1,0,1,0,3
355,ded97339,1,1,0,1,1,4
356,e179c5f4,1,1,0,1,0,3
357,e21d9049,1,1,0,1,1,4
358,e26a3af2,1,0,1,1,1,4
359,e3497940,1,1,0,1,1,4
360,e40b9e2f,1,0,1,1,0,3
361,e48d4e1a,1,1,1,1,0,4
362,e5062a87,0,1,1,0,1,3
363,e509e548,1,1,0,1,0,3
364,e50d258f,0,0,1,0,0,1
365,e6721834,1,1,0,1,1,4
366,e73095fd,1,0,0,0,1,2
367,e76a88a6,1,1,0,1,1,4
368,e8593010,0,1,1,1,1,4
369,e8dc4411,1,1,0,1,0,3
370,e9614598,0,0,0,0,1,1
371,e98196ab,1,1,0,1,1,4
372,e9afcf9a,0,0,1,0,0,1
373,ea32f347,0,0,0,0,0,0
374,ea786f4a,1,1,1,1,1,5
375,eb281b96,0,0,1,0,0,1
376,eb5a1d5d,0,1,0,1,0,2
377,ec883f72,1,0,0,0,0,1
378,ecdecbb3,1,0,0,0,1,2
379,ed36ccf7,0,1,1,1,0,3
380,ef135b50,0,1,0,0,1,2
381,f15e1fac,0,0,0,0,1,1
382,f1cefba8,0,0,1,1,0,2
383,f25fbde4,1,1,1,1,1,5
384,f25ffba3,0,0,1,0,0,1
385,f2829549,1,1,0,1,0,3
386,f35d900a,1,0,1,0,1,3
387,f5b8619d,1,0,0,1,0,2
388,f76d97a5,1,1,1,1,0,4
389,f8a8fe49,1,1,1,1,0,4
390,f8b3ba0a,0,1,0,1,1,3
391,f8c80d96,0,1,0,1,0,2
392,f8ff0b80,0,0,0,0,1,1
393,f9012d9b,1,0,1,0,1,3
394,fafffa47,1,0,0,1,1,3
395,fcb5c309,1,1,1,1,0,4
396,fcc82909,1,0,0,0,1,2
397,feca6190,1,1,0,1,1,4
398,ff28f65a,1,1,0,1,0,3
399,ff805c23,1,1,0,0,0,2
2,017c7c7b,0,1,0,1,0,2
57,28e73c20,0,1,1,1,0,3
