task_id,task_name,shuffled_description1,shuffled_description2,shuffled_description3,shuffled_description4,shuffled_description5,answer
31,1e0a9b12,"To make the output, you have to...think of the grid as a black field and the colored squares as fixed objects in a locked room. Gravity is suddenly turned off and all of the blocks float randomly. That produces the correct output grid.","To make the output, you have to...think of the grid as a white field and the colored squares as moving up objects. Gravity is suddenly turned off and all of the blocks shift to the top. That produces the correct output grid.","To make the output, you have to...think of the grid as a black field and the colored squares as rotating objects in space. Gravity is suddenly turned off and all of the blocks spin horizontally to the top. That produces the correct output grid.","To make the output, you have to...think of the grid as a black field and as the colored squares as being objects floating in space. Gravity is suddenly turned on and all of the block fall vertically to the bottom. That produces the correct output grid.","To make the output, you have to...think of the grid as a white field and the colored squares as being objects fixed in place. Gravity is suddenly turned on and all of the blocks float upwards to the top. That produces the correct output grid.",4
86,3c9b0459,"To make the output, you have to...rotate the grid 90 degrees clockwise.","To make the output, you have to...rotate the grid 180 degrees counterclockwise.","To make the output, you have to...reflect the grid along the vertical axis.","To make the output, you have to...shift the grid to the left by two spaces.","To make the output, you have to...rotate the grid 180 degrees clockwise.",5
13,0b148d64,"To make the output, you have to...consider the grid as a whole and identify the section that is similar to all others. Copy the similar section into the output grid.","To make the output, you have to...identify four sections each with the same pattern. From among these, choose the section that matches the remaining three and copy it into the output grid.","To make the output, you have to...distinguish between four sections colored in random patterns, and among these, identify the one section that is colored differently. Afterward, copy only the differently colored section into the output grid.","To make the output, you have to...select four sections regardless of their color patterns and randomly choose one to copy into the output grid.","To make the output, you have to...divide the grid into four sections and look for identical patterns. Ignore any section that differs and copy one identical section into the output grid.",3
96,42a50994,"To make the output, you have to...copy the input grid, identify all grouped pixels and change their background colors to white.","To make the output, you have to...copy the input grid, identify which pixels are connected or touching any other and change background colors of single pixels to the background color or black.","To make the output, you have to...copy the input grid, count all single colored pixels and change the connected pixels to the foreground color.","To make the output, you have to...take a blank grid, count all the single pixels and change the background colors to any color except black.","To make the output, you have to...ignore the input grid completely, identify all disconnected pixels and change background colors of connected pixels to white.",2
67,31aa019c,"To make the output, you have to...make the entire output grid red, then find the block in the input grid that is the only one of that size and place it in the same position in the output grid. Then surround that block with blocks of the light green color.","To make the output, you have to...make the entire output grid black. then find the block in the input grid that is the only one of that color and place it in the same position in the output grid. Then surround that block with blocks of the bright red-orange color.","To make the output, you have to...make the entire output grid blue, then find the block in the input grid that is the only one of that shape and place it in the same position in the output grid. Then surround that block with blocks of the dark blue color.","To make the output, you have to...make the entire output grid gray, then find the block in the input grid that is identical to others and place it in the same position in the output grid. Then surround that block with blocks of the bright yellow color.","To make the output, you have to...make the entire output grid white, then find the block in the input grid that is the only one of that color and place it in the same position in the output grid. Then surround that block with blocks of the dark green color.",2
145,662c240a,"To make the output, you have to...replicate a diagonally symmetrical 3x3 grid from a 3x9 grid. It is composed of 3 Two-color 3x3 grids, which are vertically connected.","To make the output, you have to...replicate a non-diagonally symmetrical 3x3 grid from a 3x9 grid. It is composed of 3 Two-color 3x3 grids, which are horizontally connected.","To make the output, you have to...replicate a non-diagonally symmetrical 3x3 grid from a 9x3 grid. It is composed with 3 Two-color 3x3 grids, which are vertically connected in.","To make the output, you have to...replicate a diagonally symmetrical 3x3 grid from a 9x3 grid. It is composed of 3 Two-color 3x3 grids, which are vertically connected.","To make the output, you have to...replicate a non-diagonally symmetrical 3x3 grid from a 6x6 grid. It is composed of 3 Two-color 3x3 grids, which are diagonally connected.",3
234,995c5fa3,"To make the output, you have to...Identify the colors of four shapes on the input grid, and determine their corresponding sizes. A 4x4 square is yellow, an object with a center hole is green, an object indented on right and left sides is light blue, and an object indented at the bottom is red. Position each colored shape from right to left in the input grid, filling the 3x3 output grid row by row from the bottom.","To make the output, you have to...Identify the shapes of several objects from the output grid and determine their corresponding shades. A 4x4 square is light blue, an object with a center hole is yellow, an object indented on right and left sides is red, and an object indented at the bottom is green. Color each object from left to right in the output grid, filling the 3x3 output grid diagonally from the top.","To make the output, you have to...Identify the shapes of three objects from the input grid and determine their corresponding colors. A 4x4 square is red, an object with a center hole is light blue, an object indented on right and left sides is green, and an object indented at the bottom is yellow. Color each object from left to right in the input grid, filling the 3x3 output grid row by row from the top.","To make the output, you have to...Identify the shapes of two objects from the input grid and determine their associated colors. A 4x4 square is green, an object with a center hole is red, an object curved on right and left sides is light blue, and an object raised at the bottom is yellow. Color each object from left to right in the output grid, filling the 3x3 input grid column by column from the top.","To make the output, you have to...Identify the locations of three shapes from the input grid and determine their corresponding sizes. A 4x4 square is red, an object with a center hole is yellow, an object curved on right and left sides is green, and an object raised at the bottom is light blue. Color each object from right to left in the output grid, filling the 3x3 input grid row by row from the bottom.",3
307,c8cbb738,"To make the output, you have to...distribute groups of pixels randomly while merging their colors into a single hue for each new shape.","To make the output, you have to...combine groups of pixels of different colors while maintaining their shapes around a common center. The colors from the input grid must remain unchanged.","To make the output, you have to...scatter groups of pixels of different colors and reshape them into circles surrounding an arbitrary point.","To make the output, you have to...rotate groups of pixels clockwise while changing their colors to form new patterns around the border.","To make the output, you have to...separate groups of pixels of identical colors and place them on opposite corners. The shapes must differ from the input grid.",2
273,b0c4d837,"To make the output, you have to...measure the external width of the L shape made of gray pixels. Subtract the depth covered with light red pixels from the original width of the L. Fill the 3x3 output grid with this result in light red pixels, starting from top to bottom on the right column, and bottom to top on the next columns.","To make the output, you have to...calculate the total width of the U shape. Add the height filled with green pixels to the original width of the U. Fill the 3x3 output grid with this sum in green pixels, starting from bottom to top on the left column, and top to bottom on the following columns.","To make the output, you have to...calculate the inside height of the U shape made of gray pixels. Subtract the height filled with light blue pixels from the original height of the U. Fill the 3x3 output grid with this difference in light blue pixels, starting from left to right on the top row, and right to left on the following rows.","To make the output, you have to...calculate the inside height of the U shape made of gray pixels. Subtract the height filled with light blue pixels from the original height of the U. Fill the 3x3 output grid with this difference in light blue pixels, starting from left to right on the top row, and right to left on the following rows.","To make the output, you have to...calculate the external height of the U shape made of gray pixels. Add the width filled with dark blue pixels to the original height of the U. Fill the 3x3 output grid with this sum in dark blue pixels, starting from right to left on the bottom row, and left to right on the above rows.",3
331,d406998b,"To make the output, you have to...begin from the right-most column and change the grey pixels in the odd-numbered columns with green.","To make the output, you have to...begin from the right-most column and keep the grey pixels in the odd-numbered columns unchanged.","To make the output, you have to...begin from the right-most column and change the grey pixels in the odd-numbered columns with green.","To make the output, you have to...begin from the left-most column and change the grey pixels in all the columns with blue.","To make the output, you have to...begin from the left-most column and change the green pixels in the odd-numbered columns with grey.",1
