task_id,task_name,Correct(1) / Wrong(0),Correct(1) / Wrong(0)_other,Correct(1) / Wrong(0)_other.1,Correct(1) / Wrong(0)_other.2,Correct(1) / Wrong(0)_other.3,Correct(1) / Wrong(0)_other.4,num_of_input,num_of_output,average_input_numbers,average_input_types,average_output_numbers,average_output_types
0,007bbfb7,0,1,0,1,1,0,5,5,9,2,81,2
1,00d62c1b,1,1,1,1,1,1,5,5,147.2,2,147.2,3
2,017c7c7b,1,1,1,1,1,1,3,3,18,2,27,2
3,025d127b,0,0,0,0,0,0,2,2,99,2.5,99,2.5
4,045e512c,0,1,1,0,1,1,3,3,441,4,441,4
5,0520fde7,1,1,1,1,1,1,3,3,21,3,9,2
7,05f2a901,1,1,1,1,1,1,3,3,108.6666667,3,108.6666667,3
8,06df4c85,1,1,1,1,1,1,3,3,486,5,486,5
9,08ed6ac7,1,1,1,1,1,1,2,2,81,2,81,5
10,09629e4f,1,1,1,1,1,1,4,4,121,7,121,6
11,0962bcdd,1,1,1,1,1,1,2,2,144,3,144,3
12,0a938d79,1,0,1,0,1,0,4,4,200.25,3,200.25,3
13,0b148d64,0,1,1,1,0,1,3,3,368.6666667,3,72.33333333,2
14,0ca9ddb6,1,1,1,1,1,1,3,3,81,3.666666667,81,5.666666667
15,0d3d703e,1,1,1,1,1,1,4,4,9,3,9,3
16,0dfd9992,1,1,1,1,1,1,3,3,441,7,441,6
17,0e206a2e,0,0,1,0,1,0,3,3,228.6666667,5,228.6666667,5
18,10fcaaa3,1,1,1,1,1,1,4,4,12.75,2,51,3
19,11852cab,1,1,0,0,0,1,3,3,100,4,100,4
20,1190e5a7,0,0,0,1,0,0,3,3,358.3333333,2,14.66666667,1
21,137eaa0f,1,1,1,1,1,1,3,3,121,5.333333333,9,5
22,150deff5,1,1,1,1,1,1,3,3,83.66666667,2,83.66666667,3
23,178fcbfb,1,1,1,1,1,1,3,3,90.33333333,4,90.33333333,4
24,1a07d186,1,1,1,1,1,1,3,3,264,3.666666667,264,2.666666667
25,1b2d62fb,1,1,1,1,1,1,5,5,35,3,15,2
26,1b60fb0c,1,1,1,1,1,1,3,3,100,2,100,3
27,1bfc4729,1,1,1,1,1,1,2,2,100,3,100,3
28,1c786137,1,0,1,0,1,1,3,3,332.3333333,5.333333333,47.66666667,4.333333333
29,1caeab9d,1,1,1,1,1,1,3,3,66.66666667,4,66.66666667,4
30,1cf80156,1,1,1,1,1,1,3,3,132,2,15.33333333,2
31,1e0a9b12,1,1,1,1,1,1,3,3,25.66666667,5,25.66666667,5
32,1e32b0e9,1,1,1,1,1,1,3,3,289,3,289,3
33,1f0c79e5,1,1,1,1,1,1,4,4,81,3,81,2
34,1f642eb9,1,1,1,1,1,1,3,3,100,6.333333333,100,6.333333333
35,1f85a75f,0,1,1,1,0,0,2,2,900,3.5,12,2
36,1f876c06,1,1,1,1,1,1,3,3,100,4.666666667,100,4.666666667
37,1fad071e,1,1,1,1,1,1,3,3,81,3,5,2
38,2013d3e2,1,1,1,0,1,1,2,2,100,5.5,9,5.5
39,2204b7a8,0,0,0,0,0,0,3,3,100,4,100,3
40,22168020,1,1,1,1,1,1,3,3,100,2.666666667,100,2.666666667
41,22233c11,1,1,1,1,1,1,3,3,100,2,100,3
42,2281f1f4,1,1,1,1,1,1,3,3,100,2,100,3
43,228f6490,0,1,1,1,1,0,3,3,100,5,100,5
44,22eb0ac0,1,1,1,1,1,1,3,3,100,5.666666667,100,5.666666667
45,234bbc79,1,1,1,1,1,1,4,4,31.5,4.5,24.75,3.5
46,23581191,1,1,1,1,1,1,2,2,81,3,81,4
47,239be575,1,1,1,1,1,1,6,6,37,3,1,1
48,23b5c85d,1,1,1,1,1,1,5,5,223,4.2,7.4,1
49,253bf280,1,1,0,0,1,1,8,8,75,2,75,2.75
50,25d487eb,0,1,1,1,0,1,3,3,158,3,158,3
51,25d8a9c8,0,0,0,0,0,0,4,4,9,3,9,2
52,25ff71a9,0,1,1,1,1,1,4,4,9,2,9,2
53,264363fd,0,0,0,0,0,0,3,3,900,4.333333333,900,4.333333333
54,272f95fa,0,1,0,0,0,0,2,2,255,2,255,7
55,27a28665,0,1,1,0,1,1,7,7,9,2,1,1
56,28bf18c6,0,0,0,0,0,0,3,3,64,2,18,2
57,28e73c20,1,1,1,1,1,1,5,5,118.8,1,118.8,2
58,29623171,1,1,0,1,1,1,3,3,121,3,121,3
59,29c11459,0,0,0,0,0,0,2,2,55,3,55,4
60,29ec7d0e,1,1,1,1,1,1,4,4,324,7.5,324,6.5
61,2bcee788,1,1,1,1,1,1,4,4,100,3,100,2
62,2bee17df,1,1,1,1,1,1,3,3,129.3333333,3,129.3333333,4
63,2c608aff,0,0,0,0,0,0,4,4,162,3,162,3
64,2dc579da,1,1,1,1,1,1,3,3,65,3,12.66666667,2
65,2dd70a9a,1,1,1,1,1,1,3,3,241.6666667,4,241.6666667,4
66,2dee498d,1,1,1,1,1,1,3,3,29,3.333333333,9.666666667,3.333333333
67,31aa019c,1,1,1,1,1,1,3,3,100,8.333333333,100,3
68,321b1fc6,0,0,0,0,0,0,2,2,100,5,100,4
69,32597951,1,1,1,1,1,1,3,3,289,3,289,4
70,3345333e,1,1,1,1,1,1,2,2,256,3,256,2
71,3428a4f5,0,0,0,0,0,0,4,4,65,3,30,2
72,3618c87e,1,1,1,1,1,1,3,3,25,3,25,3
73,3631a71a,1,1,1,0,1,1,4,4,900,10,900,9
74,363442ee,1,1,1,1,1,1,3,3,117,6.666666667,117,5.666666667
75,36d67576,1,1,0,0,1,0,3,3,169,5,169,5
76,36fdfd69,1,0,1,1,1,1,3,3,252,3,252,4
77,3906de3d,1,1,1,1,1,1,3,3,100,3,100,3
78,39a8645d,0,1,0,1,0,0,3,3,196,3.333333333,9,2
79,39e1d7f9,1,1,1,1,1,1,3,3,678,4,678,4
80,3aa6fb7a,1,1,1,1,1,1,2,2,49,2,49,3
81,3ac3eb23,1,1,0,1,1,1,2,2,51,2.5,51,2.5
82,3af2c5a8,0,0,0,0,0,0,3,3,12,2,48,2
83,3bd67248,1,1,0,0,1,1,3,3,94.33333333,2,94.33333333,4
84,3bdb4ada,1,1,1,1,1,1,2,2,200,3,200,3
85,3befdf3e,1,1,1,1,1,1,3,3,100,3,100,3
86,3c9b0459,0,0,0,0,0,0,4,4,9,2.75,9,2.75
87,3de23699,1,1,1,1,1,1,4,4,135.25,3,18,2
88,3e980e27,1,1,1,1,1,1,4,4,169,4,169,4
89,3eda0437,1,1,1,1,1,1,4,4,72.5,2.25,72.5,3.25
90,3f7978a0,1,1,1,1,1,1,3,3,107.6666667,3,30,3
91,40853293,1,1,1,1,1,1,2,2,400,6,400,6
92,4093f84a,1,1,0,0,0,0,3,3,196,3,196,2
93,41e4d17e,1,1,1,1,1,1,2,2,225,2,225,3
94,4258a5f9,1,1,1,1,1,1,2,2,81,2,81,3
95,4290ef0e,1,1,1,1,1,1,3,3,289.6666667,5.333333333,73,5.333333333
96,42a50994,0,0,0,0,0,0,4,4,188.5,2,188.5,2
97,4347f46a,1,0,1,1,1,1,3,3,158.6666667,3.333333333,158.6666667,3.333333333
98,444801d8,1,1,1,1,1,1,3,3,100,3.666666667,100,3.666666667
99,445eab21,1,1,1,1,1,1,3,3,100,3,4,1
100,447fd412,1,1,1,1,1,1,3,3,168,3,168,3
101,44d8ac46,1,1,1,1,1,1,4,4,144,2,144,2.75
102,44f52bb0,1,1,1,1,1,1,6,6,9,2,1,1
103,4522001f,1,1,1,1,1,1,2,2,9,3,81,2
104,4612dd53,1,1,1,1,1,1,3,3,143,2,143,3
105,46442a0e,1,1,1,1,0,1,3,3,7.333333333,2.333333333,29.33333333,2.333333333
106,469497ad,1,1,1,1,1,1,3,3,25,4,241.6666667,5
107,46f33fce,0,0,0,0,0,0,3,3,100,5.333333333,400,5.333333333
108,47c1f68c,1,0,1,1,1,1,3,3,83.66666667,3,66.66666667,2
109,484b58aa,1,1,1,1,1,1,3,3,841,7,841,6
110,48d8fb45,1,1,1,1,1,1,3,3,100,3,9,2
111,4938f0c2,1,1,1,1,1,1,3,3,289.3333333,3,289.3333333,3
112,496994bd,1,1,1,1,1,1,2,2,40,3,40,3
113,49d1d64f,1,1,1,1,1,1,3,3,6.333333333,4.666666667,20.33333333,5.333333333
114,4be741c5,0,0,1,0,0,1,3,3,128.6666667,3.333333333,3.333333333,3.333333333
115,4c4377d9,0,0,0,0,0,0,4,4,12,2,24,2
116,4c5c2cf0,1,1,1,1,1,1,3,3,178.6666667,3,178.6666667,3
117,50846271,1,1,0,1,1,1,4,4,328.5,3,328.5,4
118,508bd3b6,1,1,1,1,1,1,3,3,144,3,144,4
119,50cb2852,1,1,1,1,1,1,3,3,161,3.666666667,161,4.666666667
121,5168d44c,1,1,1,1,1,1,3,3,77,3,77,3
122,539a4f51,1,1,1,1,0,1,3,3,25,4,100,3.333333333
123,53b68214,1,1,1,1,1,1,3,3,63.33333333,2,100,2
124,543a7ed5,1,0,0,1,1,1,2,2,225,2,225,4
125,54d82841,1,1,1,1,1,1,3,3,41.33333333,2.333333333,41.33333333,3.333333333
126,54d9e175,1,1,1,1,1,1,4,4,44,5,44,4
127,5521c0d9,1,1,1,1,1,1,3,3,225,4,225,4
128,5582e5ca,1,1,1,1,1,1,3,3,9,5,9,1
129,5614dbcf,1,1,1,1,1,1,2,2,81,5.5,9,4.5
130,56dc2b01,1,1,1,1,1,1,3,3,78,3,78,4
131,56ff96f3,1,1,1,1,1,1,4,4,80.5,2.5,80.5,2.5
132,57aa92db,1,1,1,1,1,1,4,4,264,4.5,264,4.5
133,5ad4f10b,1,1,1,1,1,1,3,3,512.6666667,3,9,2
134,5bd6f4ac,0,0,0,0,0,0,4,4,81,10,9,4.75
135,5c0a986e,1,1,1,1,1,1,3,3,100,3,100,3
136,5c2c9af4,1,1,1,1,1,1,3,3,529,2,529,2
137,5daaa586,1,1,1,1,1,1,3,3,279.3333333,5,99.33333333,5
138,60b61512,1,1,1,1,1,1,2,2,81,2,81,3
139,6150a2bd,1,1,1,1,0,1,2,2,9,4.5,9,4.5
140,623ea044,1,1,1,1,1,1,3,3,166.3333333,2,166.3333333,2
141,62c24649,1,1,1,1,1,1,3,3,9,4,36,4
142,63613498,1,1,0,1,1,1,3,3,100,6.333333333,100,5.333333333
143,6430c8c4,1,1,1,1,1,1,4,4,36,4,16,2
144,6455b5f5,0,0,1,0,0,0,4,4,198.25,2,198.25,4
145,662c240a,1,1,1,1,1,0,4,4,27,6,9,2
146,67385a82,1,0,0,0,1,0,4,4,19.75,2,19.75,3
147,673ef223,0,0,0,0,0,0,3,3,184,3,184,4
148,6773b310,1,1,1,1,1,1,4,4,121,3,9,2
149,67a3c6ac,0,0,0,0,0,0,3,3,33.66666667,4,33.66666667,4
150,67a423a3,1,1,1,1,1,1,3,3,38.66666667,3,38.66666667,4
151,67e8384a,0,0,0,0,0,0,4,4,9,3.75,36,3.75
152,681b3aeb,1,1,1,1,1,1,3,3,100,3,9,2
153,6855a6e4,1,0,1,0,0,0,3,3,225,3,225,3
154,68b16354,0,0,0,0,0,0,3,3,33,6,33,6
155,694f12f3,0,0,0,0,0,0,2,2,100,2,100,4
156,6a1e5592,1,1,1,1,0,0,2,2,150,3,150,3
157,6aa20dc0,1,1,1,1,1,1,3,3,420.6666667,4,420.6666667,4
158,6b9890af,0,1,0,0,0,0,3,3,433.3333333,3,70,3
159,6c434453,1,1,1,1,1,1,2,2,100,2,100,3
160,6cdd2623,0,0,0,0,0,0,3,3,252.3333333,4,252.3333333,2
161,6cf79266,1,1,1,1,1,1,3,3,400,2,400,3
162,6d0160f0,1,1,1,1,1,1,4,4,121,8.5,121,5.5
163,6d0aefbc,0,0,1,1,0,1,4,4,9,2.75,18,2.75
164,6d58a25d,1,1,1,1,1,1,3,3,400,3,400,3
165,6d75e8bb,1,1,1,0,1,1,3,3,89.33333333,2,89.33333333,3
166,6e02f1e3,0,0,0,0,0,0,5,5,9,1.8,9,2
167,6e19193c,1,1,1,1,1,0,2,2,100,2,100,2
168,6e82a1ae,1,1,1,0,1,1,3,3,100,2,100,4
169,6ecd11f4,1,1,1,1,1,1,3,3,575.3333333,9.333333333,11.33333333,6.333333333
170,6f8cd79b,1,1,1,1,1,0,4,4,17.75,1,17.75,2
171,6fa7a44f,0,0,0,0,0,0,4,4,9,3.75,18,3.75
172,72322fa7,1,1,1,1,1,1,3,3,236,4.333333333,236,4.333333333
173,72ca375d,0,0,0,0,0,0,3,3,100,4,6.666666667,1.666666667
174,73251a56,1,1,1,1,1,1,3,3,441,8,441,7
175,7447852a,1,1,1,1,1,1,3,3,43,2,43,3
176,7468f01a,1,1,1,1,1,1,3,3,199,3,27,2
177,746b3537,1,1,1,1,1,1,5,5,13,3.2,3.4,3.2
178,74dd1130,0,0,0,0,0,0,4,4,9,3,9,3
179,75b8110e,0,0,0,0,0,0,5,5,64,5,16,4.4
180,760b3cac,1,1,1,0,0,1,3,3,54,3,54,3
181,776ffc46,0,0,0,0,0,0,4,4,400,4,400,4
182,77fdfe62,1,1,1,1,1,1,3,3,54.66666667,7,12,4.666666667
183,780d0b14,1,1,1,1,1,1,3,3,395.6666667,5.666666667,5.333333333,4.666666667
184,7837ac64,1,1,1,1,1,1,4,4,785,4,9,3
185,794b24be,1,1,1,1,1,1,10,10,9,2,9,2
186,7b6016b9,1,1,1,1,1,1,3,3,527.6666667,2,527.6666667,3
187,7b7f7511,0,0,0,0,0,0,3,3,20.66666667,3,10.33333333,3
188,7c008303,1,1,1,1,1,1,3,3,81,6.666666667,36,4.666666667
189,7ddcd7ec,1,1,1,1,1,1,3,3,100,2,100,2
190,7df24a62,1,1,1,1,1,1,4,4,529,3,529,3
191,7e0986d6,1,1,1,1,1,1,2,2,195,3,195,2
192,7f4411dc,1,1,1,1,1,1,3,3,169,2,169,2
193,7fe24cdd,1,0,0,0,1,1,3,3,9,4,36,4
194,80af3007,0,0,0,0,0,0,3,3,288,2,81,2
195,810b9b61,1,1,1,1,1,1,3,3,177,2,177,3
196,82819916,1,1,1,1,1,1,4,4,76,6.25,76,6.25
197,83302e8f,0,1,1,1,1,1,3,3,592.6666667,2,592.6666667,3
198,834ec97d,1,1,1,1,1,1,3,3,38.33333333,2,38.33333333,3
199,8403a5d5,1,1,1,1,1,1,3,3,100,2,100,3
200,846bdb03,1,1,0,0,0,1,4,4,169,4,39.5,4
201,855e0971,1,1,1,1,1,1,4,4,218,3.75,218,3.75
202,85c4e7cd,0,0,0,0,0,0,4,4,86,4.5,86,4.5
203,868de0fa,0,1,0,0,0,0,5,5,189.2,2,189.2,4
204,8731374e,0,0,1,0,1,0,3,3,428,10,60,2
205,88a10436,0,0,1,1,0,1,3,3,72.33333333,5,72.33333333,4
206,88a62173,1,0,0,0,0,0,3,3,25,2,4,2
208,8a004b2b,1,1,1,1,1,1,3,3,294.3333333,5,98.66666667,5
209,8be77c9e,1,0,0,1,0,0,3,3,9,2,18,2
210,8d5021e8,0,0,0,0,0,0,3,3,6,2,36,2
211,8d510a79,1,1,1,1,1,1,2,2,100,4,100,4
212,8e1813be,1,1,1,1,1,1,3,3,178,6.333333333,20.33333333,4.333333333
213,8e5a5113,1,1,1,1,1,1,3,3,33,5,33,4
214,8eb1be9a,1,1,1,1,1,1,2,2,202.5,2,202.5,2
215,8efcae92,1,1,1,1,1,1,3,3,400,3,65.33333333,2
216,8f2ea7aa,1,1,1,0,0,0,3,3,81,2,81,2
217,90c28cc7,1,1,1,1,1,1,3,3,441,6.333333333,6.333333333,5.333333333
218,90f3ed37,0,1,0,1,1,0,3,3,150,2,150,3
219,913fb3ed,1,1,1,1,1,1,4,4,118,2.75,118,4.5
220,91413438,1,1,1,1,1,1,4,4,9,2,193.5,2
221,91714a58,1,1,1,1,1,1,3,3,256,10,256,2
222,9172f3a0,1,1,1,1,1,1,2,2,9,3.5,81,3.5
223,928ad970,1,1,1,1,1,1,3,3,187,3,187,3
224,93b581b8,0,1,1,0,1,0,3,3,36,5,36,5
225,941d9a10,0,1,0,0,1,0,3,3,100,2,100,5
226,94f9d214,1,1,1,1,1,1,4,4,32,3,16,2
227,952a094c,1,1,1,1,1,1,3,3,100,6,100,6
228,9565186b,1,1,1,1,1,1,4,4,9,3.25,9,2
229,95990924,1,1,0,0,1,1,3,3,141.6666667,2,141.6666667,6
230,963e52fc,1,1,1,1,1,1,3,3,35,3,70,3
231,97999447,1,1,1,1,1,1,3,3,85.33333333,3,85.33333333,4
232,97a05b5b,0,0,0,0,0,1,3,3,282.6666667,4.666666667,99.33333333,3.666666667
233,98cf29f8,1,1,1,1,1,1,3,3,252.3333333,3,252.3333333,3
234,995c5fa3,0,0,0,0,0,0,4,4,56,2,9,2.75
235,99b1bc43,1,1,1,1,1,1,4,4,36,4,16,2
236,99fa7670,1,1,1,1,1,1,4,4,29,3,29,3
237,9aec4887,1,1,1,0,1,1,3,3,229.6666667,6,32.33333333,6
238,9af7a82c,1,1,1,1,1,1,4,4,11.25,3.5,19.25,4.5
239,9d9215db,1,1,1,1,1,1,3,3,361,4.333333333,361,4.333333333
240,9dfd6313,0,1,1,1,1,1,3,3,16.66666667,4,16.66666667,4
241,9ecd008a,0,0,0,0,0,0,3,3,256,8.666666667,9,4
242,9edfc990,0,0,0,0,0,0,3,3,216.6666667,10,216.6666667,10
243,9f236235,1,1,1,1,1,1,3,3,281,4,13.66666667,3
244,a1570a43,0,0,0,0,0,0,4,4,73,3,73,3
245,a2fd1cf0,1,1,1,1,1,1,3,3,184.3333333,3,184.3333333,4
246,a3325580,0,0,0,0,0,0,6,6,100,4.166666667,9.333333333,2
247,a3df8b1e,1,1,1,1,1,1,3,3,30,2,30,2
248,a416b8f3,1,1,1,1,1,1,3,3,12.33333333,4.666666667,24.66666667,4.666666667
249,a48eeaf7,1,1,1,1,1,1,2,2,100,3,100,3
250,a5313dff,1,1,1,0,1,0,3,3,90.66666667,2,90.66666667,3
251,a5f85a15,0,0,0,0,0,0,3,3,36.33333333,2,36.33333333,3
252,a61ba2ce,1,1,1,0,1,1,2,2,169,5,16,5
253,a61f2674,1,1,1,1,1,1,2,2,81,2,81,3
254,a64e4611,1,1,1,1,1,1,3,3,900,2,900,3
255,a65b410d,1,1,1,1,1,1,3,3,61.33333333,2,61.33333333,4
256,a68b268e,1,0,0,1,1,0,6,6,81,6,16,4.333333333
257,a699fb00,1,1,1,1,1,1,3,3,75,2,75,3
258,a740d043,0,0,0,1,1,0,3,3,42,3,7,2.666666667
259,a78176bb,1,1,1,1,0,1,3,3,100,3,100,2
260,a79310a0,0,1,1,1,1,1,3,3,19.66666667,2,19.66666667,2
261,a85d4709,1,1,1,1,1,1,4,4,9,2,9,2
262,a87f7484,0,1,1,1,1,1,4,4,36,5,9,2
263,a8c38be5,1,1,1,1,1,1,2,2,210,9.5,81,8.5
264,a8d7556c,1,1,1,1,1,1,3,3,324,2,324,3
265,a9f96cdd,1,1,1,1,1,1,4,4,15,2,15,3.75
266,aabf363d,1,1,1,1,1,1,2,2,49,3,49,2
267,aba27056,1,1,1,1,1,1,3,3,55.33333333,2,55.33333333,3
268,ac0a08a4,1,1,1,1,1,0,3,3,9,4.333333333,114,4.333333333
269,ae3edfdc,1,1,1,1,1,1,3,3,225,5,225,5
270,ae4f1146,1,1,1,1,1,1,4,4,81,3,9,2
271,aedd82e4,1,1,1,1,1,1,4,4,13.5,2,13.5,3
272,af902bf9,1,0,1,1,1,0,3,3,100,2,100,3
273,b0c4d837,1,1,0,1,1,1,6,6,59.66666667,3,9,2
274,b190f7f5,0,1,0,0,0,0,3,3,22.66666667,4.666666667,139.3333333,3.666666667
275,b1948b0a,1,1,1,1,1,1,3,3,18,2,18,2
276,b230c067,1,1,1,1,1,1,2,2,100,2,100,3
277,b27ca6d3,1,1,1,1,1,1,2,2,255,2,255,3
278,b2862040,1,1,1,1,1,0,4,4,149.25,2,149.25,3
279,b527c5c6,0,0,0,0,0,0,4,4,325,3,325,3
280,b548a754,1,1,1,1,1,1,3,3,132.6666667,4,132.6666667,3
281,b60334d2,1,1,1,1,1,1,2,2,81,2,81,3
282,b6afb2da,1,1,1,1,1,1,2,2,100,2,100,4
283,b7249182,1,1,1,1,1,0,3,3,150,3,150,3
284,b775ac94,1,1,1,1,1,1,3,3,498.6666667,6,498.6666667,6
285,b782dc8a,1,0,1,1,1,1,2,2,223,4,223,4
286,b8825c91,1,1,1,1,1,1,4,4,256,8.75,256,7.75
287,b8cdaf2b,0,0,0,0,0,0,4,4,27,3,27,3
288,b91ae062,1,1,1,1,1,1,5,5,9,3.8,75.6,3.8
289,b94a9452,1,1,1,1,1,1,3,3,148,3,16.66666667,2
290,b9b7f026,1,1,1,1,1,1,3,3,240.6666667,6.333333333,1,1
291,ba26e723,1,1,1,1,1,1,5,5,35.4,2,35.4,3
292,ba97ae07,1,1,1,1,1,1,4,4,84,3,84,3
293,bb43febb,1,1,1,1,1,1,2,2,100,2,100,3
294,bbc9ae5d,1,1,1,0,1,1,5,5,7.2,2,27.2,2
295,bc1d5164,1,1,1,1,1,1,5,5,35,2,9,2
296,bd4472b8,1,1,1,1,1,1,3,3,25.33333333,5,25.33333333,4
297,bda2d7a6,0,0,0,1,0,0,3,3,45.33333333,3,45.33333333,3
298,bdad9b1f,1,1,1,1,1,1,2,2,36,3,36,4
299,be94b721,0,0,0,0,1,0,4,4,67.5,4,9.75,1.75
300,beb8660c,0,0,0,0,0,0,3,3,35.66666667,5.666666667,35.66666667,5.666666667
301,c0f76784,1,1,1,1,1,1,3,3,144,2,144,4.666666667
302,c1d99e64,1,1,0,1,0,0,3,3,217,2,217,3
303,c3e719e8,1,1,1,1,1,1,3,3,9,3.666666667,81,4.666666667
304,c3f564a4,1,0,1,1,1,1,3,3,256,7,256,6
305,c444b776,1,1,1,1,1,1,2,2,266,5.5,266,5.5
306,c59eb873,1,1,0,1,1,1,3,3,9.666666667,4,38.66666667,4
307,c8cbb738,1,1,1,1,1,1,3,3,126.6666667,3.666666667,19.66666667,3.666666667
308,c8f0f002,1,1,1,1,1,1,3,3,15,3,15,3
309,c909285e,1,1,1,1,1,1,3,3,678.6666667,5.666666667,49,5
310,c9e6f938,1,1,1,1,1,0,3,3,9,2,18,2
311,c9f8e694,0,1,1,1,1,1,2,2,144,4,144,3
312,caa06a1f,1,1,1,1,1,1,3,3,73.66666667,3,73.66666667,2
313,cbded52d,1,1,1,1,1,1,3,3,64,3.666666667,64,3.666666667
314,cce03e0d,0,0,0,0,0,0,3,3,9,3,81,3
315,cdecee7f,1,1,1,1,1,1,3,3,100,7.333333333,9,7
316,ce22a75a,1,1,1,1,1,1,2,2,81,2,81,2
317,ce4f8723,1,1,1,1,1,1,4,4,36,4,16,2
318,ce602527,1,1,1,1,1,1,4,4,297.75,4,17.5,2
319,ce9e57f2,1,1,1,1,1,1,3,3,72,2,72,3
320,cf98881b,0,0,0,0,0,0,5,5,56,5,16,3.8
321,d037b0a7,1,1,1,1,1,1,3,3,9,3.666666667,9,3.666666667
322,d06dbe63,0,1,1,1,0,1,2,2,169,2,169,3
323,d07ae81c,1,1,1,1,1,1,3,3,207,4,207,4
324,d0f5fe59,1,1,1,1,1,1,3,3,133.3333333,2,9.666666667,2
325,d10ecb37,0,0,1,0,0,0,3,3,57.33333333,3.666666667,4,3.666666667
326,d13f3404,1,1,1,1,1,1,3,3,9,4,36,4
327,d22278a0,0,0,0,0,0,0,4,4,115.5,3.25,115.5,3.25
328,d23f8c26,1,1,1,1,1,1,3,3,19.66666667,6.333333333,19.66666667,3.333333333
329,d2abd087,1,1,1,1,1,1,3,3,100,2,100,3
330,d364b489,1,1,1,0,1,1,2,2,100,2,100,6
331,d406998b,1,0,0,0,0,0,4,4,36.75,2,36.75,3
332,d43fd935,1,1,1,1,1,1,3,3,100,3.666666667,100,3.666666667
333,d4469b4b,1,1,1,1,1,1,7,7,25,2,9,2
334,d4a91cb9,1,1,1,1,1,1,3,3,113.3333333,3,113.3333333,4
335,d4f3cd78,1,1,1,1,1,1,2,2,100,2,100,3
336,d511f180,1,1,1,1,1,1,3,3,14.33333333,7.333333333,14.33333333,7.333333333
337,d5d6de2d,1,1,1,1,1,1,3,3,141.6666667,2,141.6666667,2
338,d631b094,1,0,1,0,1,0,4,4,9,2,2.5,1
339,d687bc17,1,1,0,0,0,0,3,3,149.3333333,6.333333333,149.3333333,5
340,d6ad076f,1,1,0,0,0,1,3,3,100,3,100,4
341,d89b689b,0,1,0,1,1,1,3,3,100,6,100,5
342,d8c310e9,1,0,1,1,1,1,3,3,75,3.666666667,75,3.666666667
343,d90796e8,1,1,1,1,1,1,3,3,33.33333333,4,33.33333333,4.333333333
344,d9f24cd1,0,0,0,0,0,0,2,2,100,3,100,3
345,d9fac9be,1,1,0,0,0,0,4,4,84.75,3,1,1
346,dae9d2b5,1,1,1,1,1,1,5,5,18,3,9,2
347,db3e9e38,1,1,1,1,1,1,2,2,45.5,2,45.5,3
348,db93a21d,1,1,1,1,1,1,4,4,281.25,2,281.25,4
349,dbc1a6ce,1,1,1,1,1,1,4,4,104,2,104,3
350,dc0a314f,0,0,0,0,0,0,3,3,256,6.666666667,25,4.333333333
351,dc1df850,0,0,0,1,1,1,3,3,36.33333333,3,36.33333333,4
352,dc433765,1,1,1,1,1,1,7,7,46.85714286,3,46.85714286,3
353,ddf7fa4f,1,1,1,1,1,1,3,3,100,5,100,4
354,de1cd16c,1,1,1,1,1,1,4,4,259.25,4.5,1,1
355,ded97339,0,0,0,0,0,0,3,3,100,2,100,2
356,e179c5f4,1,1,1,1,1,1,3,3,30,2,30,2
357,e21d9049,0,0,1,1,1,1,2,2,171,4.5,171,4.5
358,e26a3af2,1,1,1,1,0,1,3,3,204.3333333,9,204.3333333,3.666666667
359,e3497940,0,1,1,1,1,1,3,3,90,4,40,3
360,e40b9e2f,1,0,0,0,0,0,3,3,100,3,100,3
361,e48d4e1a,1,1,1,1,1,1,4,4,100,3,100,2
362,e5062a87,1,1,1,1,1,1,3,3,100,3,100,3
363,e509e548,1,1,1,1,1,1,3,3,225.6666667,2,225.6666667,4
364,e50d258f,1,1,1,1,1,1,3,3,100,4,17.66666667,3
365,e6721834,1,1,1,1,1,1,3,3,296.6666667,5,148.3333333,4
366,e73095fd,0,1,1,1,1,0,3,3,230.3333333,2,230.3333333,3
367,e76a88a6,1,1,1,1,1,1,2,2,100,4,100,3
368,e8593010,1,1,1,1,1,1,3,3,100,2,100,4
369,e8dc4411,1,1,1,1,1,1,3,3,185,3,185,3
370,e9614598,1,1,1,1,1,1,2,2,100,2,100,3
371,e98196ab,0,0,0,0,0,0,3,3,121,4,55,3
372,e9afcf9a,0,0,1,1,0,1,2,2,12,2,12,2
373,ea32f347,0,0,0,0,0,0,4,4,100,2,100,4
374,ea786f4a,1,1,1,1,1,1,3,3,27.66666667,2,27.66666667,2
375,eb281b96,0,1,0,0,1,0,2,2,59.5,2,187,2
376,eb5a1d5d,0,1,1,1,1,1,3,3,544.3333333,3,27.66666667,3
377,ec883f72,0,1,1,0,0,1,4,4,81.25,3,81.25,3
378,ecdecbb3,1,1,1,1,1,1,3,3,202.3333333,3,202.3333333,3
379,ed36ccf7,0,0,0,0,0,0,4,4,9,2,9,2
380,ef135b50,1,1,1,1,1,1,3,3,100,2,100,3
381,f15e1fac,1,1,1,1,1,1,3,3,162.6666667,3,162.6666667,3
382,f1cefba8,0,0,0,0,0,0,3,3,263.3333333,3,263.3333333,3
383,f25fbde4,1,1,1,1,1,1,3,3,81,2,44,2
384,f25ffba3,0,0,0,0,0,0,2,2,40,4.5,40,4.5
385,f2829549,1,1,1,1,1,1,5,5,28,4,12,2
386,f35d900a,1,1,1,1,1,1,4,4,244.5,3,244.5,4
387,f5b8619d,1,0,1,1,1,1,3,3,16.33333333,2,65.33333333,3
388,f76d97a5,1,1,1,1,1,1,3,3,19.66666667,2,19.66666667,2
389,f8a8fe49,1,1,1,1,1,1,3,3,225,3,225,3
390,f8b3ba0a,0,0,0,0,0,0,4,4,169,5,3,3
391,f8c80d96,1,1,1,1,1,1,3,3,100,2,100,2
392,f8ff0b80,1,1,1,1,1,1,3,3,144,4,3,3
393,f9012d9b,1,1,0,1,1,1,3,3,30,3,3,1.666666667
394,fafffa47,1,1,1,1,1,1,5,5,18,3,9,2
395,fcb5c309,0,0,0,0,0,0,3,3,205.6666667,3,46.66666667,2
396,fcc82909,1,1,1,1,1,1,3,3,100,6.333333333,100,7.333333333
397,feca6190,0,0,1,1,0,0,5,5,5,3,120,3
398,ff28f65a,1,1,1,1,1,1,8,8,36.375,2,9,2
399,ff805c23,0,0,0,0,1,0,3,3,576,4.333333333,25,2
