task_id,task_name,Correct(1) / Wrong(0)_other,Correct(1) / Wrong(0)_other.1,Correct(1) / Wrong(0)_other.2,Correct(1) / Wrong(0)_other.3,Correct(1) / Wrong(0)_other.4,num_of_input,num_of_output,average_input_pixel_numbers,average_input_color_types,average_output_pixel_numbers,average_output_color_types,description_output_word_count,distractors1_word_count,distractors2_word_count,distractors3_word_count,distractors4_word_count
0,007bbfb7,1,0,1,1,0,5,5,9,2,81,2,99,96,101,102,99
1,00d62c1b,1,1,1,1,1,5,5,147.2,2,147.2,3,30,30,30,30,30
2,017c7c7b,1,1,1,1,1,3,3,18,2,27,2,28,29,29,30,29
3,025d127b,0,0,0,0,0,2,2,99,2.5,99,2.5,59,59,56,59,61
4,045e512c,1,1,0,1,1,3,3,441,4,441,4,39,28,35,35,42
5,0520fde7,1,1,1,1,1,3,3,21,3,9,2,52,52,52,52,52
6,5269061,1,1,1,1,1,3,3,49,4,49,3,32,32,27,33,27
7,05f2a901,1,1,1,1,1,3,3,108.6666667,3,108.6666667,3,44,29,29,31,29
8,06df4c85,1,1,1,1,1,3,3,486,5,486,5,26,26,26,26,26
9,08ed6ac7,1,1,1,1,1,2,2,81,2,81,5,29,32,31,32,32
10,09629e4f,1,1,1,1,1,4,4,121,7,121,6,34,34,29,34,34
11,0962bcdd,1,1,1,1,1,2,2,144,3,144,3,49,49,48,49,49
12,0a938d79,0,1,0,1,0,4,4,200.25,3,200.25,3,73,73,73,72,73
13,0b148d64,1,1,1,0,1,3,3,368.6666667,3,72.33333333,2,36,35,37,32,35
14,0ca9ddb6,1,1,1,1,1,3,3,81,3.666666667,81,5.666666667,45,45,46,45,46
15,0d3d703e,1,1,1,1,1,4,4,9,3,9,3,32,32,30,32,30
16,0dfd9992,1,1,1,1,1,3,3,441,7,441,6,19,20,19,18,21
17,0e206a2e,0,1,0,1,0,3,3,228.6666667,5,228.6666667,5,23,22,26,23,23
18,10fcaaa3,1,1,1,1,1,4,4,12.75,2,51,3,139,124,83,104,96
19,11852cab,1,0,0,0,1,3,3,100,4,100,4,28,27,28,26,27
20,1190e5a7,0,0,1,0,0,3,3,358.3333333,2,14.66666667,1,46,46,46,47,46
21,137eaa0f,1,1,1,1,1,3,3,121,5.333333333,9,5,26,26,26,26,26
22,150deff5,1,1,1,1,1,3,3,83.66666667,2,83.66666667,3,23,23,23,25,23
23,178fcbfb,1,1,1,1,1,3,3,90.33333333,4,90.33333333,4,34,34,34,34,34
24,1a07d186,1,1,1,1,1,3,3,264,3.666666667,264,2.666666667,51,51,49,43,50
25,1b2d62fb,1,1,1,1,1,5,5,35,3,15,2,36,36,35,37,35
26,1b60fb0c,1,1,1,1,1,3,3,100,2,100,3,29,29,29,29,30
27,1bfc4729,1,1,1,1,1,2,2,100,3,100,3,82,82,82,82,82
28,1c786137,0,1,0,1,1,3,3,332.3333333,5.333333333,47.66666667,4.333333333,32,32,32,32,32
29,1caeab9d,1,1,1,1,1,3,3,66.66666667,4,66.66666667,4,35,35,35,35,32
30,1cf80156,1,1,1,1,1,3,3,132,2,15.33333333,2,26,26,26,30,25
31,1e0a9b12,1,1,1,1,1,3,3,25.66666667,5,25.66666667,5,46,46,46,43,46
32,1e32b0e9,1,1,1,1,1,3,3,289,3,289,3,39,39,40,39,39
33,1f0c79e5,1,1,1,1,1,4,4,81,3,81,2,55,55,55,55,56
34,1f642eb9,1,1,1,1,1,3,3,100,6.333333333,100,6.333333333,41,40,40,40,40
35,1f85a75f,1,1,1,0,0,2,2,900,3.5,12,2,11,11,11,11,11
36,1f876c06,1,1,1,1,1,3,3,100,4.666666667,100,4.666666667,21,21,20,21,21
37,1fad071e,1,1,1,1,1,3,3,81,3,5,2,19,19,19,19,19
38,2013d3e2,1,1,0,1,1,2,2,100,5.5,9,5.5,27,27,27,27,27
39,2204b7a8,0,0,0,0,0,3,3,100,4,100,3,33,29,29,32,33
40,22168020,1,1,1,1,1,3,3,100,2.666666667,100,2.666666667,25,24,25,24,24
41,22233c11,1,1,1,1,1,3,3,100,2,100,3,52,50,49,48,49
42,2281f1f4,1,1,1,1,1,3,3,100,2,100,3,49,49,49,49,49
43,228f6490,1,1,1,1,0,3,3,100,5,100,5,27,27,26,27,26
44,22eb0ac0,1,1,1,1,1,3,3,100,5.666666667,100,5.666666667,45,45,46,45,45
45,234bbc79,1,1,1,1,1,4,4,31.5,4.5,24.75,3.5,40,40,40,40,40
46,23581191,1,1,1,1,1,2,2,81,3,81,4,33,33,33,33,27
47,239be575,1,1,1,1,1,6,6,37,3,1,1,28,28,28,30,29
48,23b5c85d,1,1,1,1,1,5,5,223,4.2,7.4,1,17,17,17,19,17
49,253bf280,1,0,0,1,1,8,8,75,2,75,2.75,20,19,17,19,20
50,25d487eb,1,1,1,0,1,3,3,158,3,158,3,16,16,16,16,16
51,25d8a9c8,0,0,0,0,0,4,4,9,3,9,2,32,32,32,32,33
52,25ff71a9,1,1,1,1,1,4,4,9,2,9,2,15,14,14,14,14
53,264363fd,0,0,0,0,0,3,3,900,4.333333333,900,4.333333333,102,102,102,102,100
54,272f95fa,1,0,0,0,0,2,2,255,2,255,7,43,43,43,43,43
55,27a28665,1,1,0,1,1,7,7,9,2,1,1,95,95,95,95,95
56,28bf18c6,0,0,0,0,0,3,3,64,2,18,2,16,15,12,12,13
57,28e73c20,1,1,1,1,1,5,5,118.8,1,118.8,2,45,46,46,45,46
58,29623171,1,0,1,1,1,3,3,121,3,121,3,47,47,47,48,47
59,29c11459,0,0,0,0,0,2,2,55,3,55,4,27,27,27,27,27
60,29ec7d0e,1,1,1,1,1,4,4,324,7.5,324,6.5,23,23,23,23,23
61,2bcee788,1,1,1,1,1,4,4,100,3,100,2,52,52,50,53,53
62,2bee17df,1,1,1,1,1,3,3,129.3333333,3,129.3333333,4,73,71,74,73,73
63,2c608aff,0,0,0,0,0,4,4,162,3,162,3,28,28,28,29,28
64,2dc579da,1,1,1,1,1,3,3,65,3,12.66666667,2,23,23,23,23,23
65,2dd70a9a,1,1,1,1,1,3,3,241.6666667,4,241.6666667,4,32,32,32,33,32
66,2dee498d,1,1,1,1,1,3,3,29,3.333333333,9.666666667,3.333333333,15,15,15,15,15
67,31aa019c,1,1,1,1,1,3,3,100,8.333333333,100,3,50,36,39,37,42
68,321b1fc6,0,0,0,0,0,2,2,100,5,100,4,35,36,34,37,35
69,32597951,1,1,1,1,1,3,3,289,3,289,4,25,25,22,25,25
70,3345333e,1,1,1,1,1,2,2,256,3,256,2,16,16,16,16,16
71,3428a4f5,0,0,0,0,0,4,4,65,3,30,2,33,33,33,33,33
72,3618c87e,1,1,1,1,1,3,3,25,3,25,3,22,22,22,24,22
73,3631a71a,1,1,0,1,1,4,4,900,10,900,9,41,40,41,44,43
74,363442ee,1,1,1,1,1,3,3,117,6.666666667,117,5.666666667,33,33,33,33,33
75,36d67576,1,0,0,1,0,3,3,169,5,169,5,15,15,15,15,15
76,36fdfd69,0,1,1,1,1,3,3,252,3,252,4,34,32,33,33,33
77,3906de3d,1,1,1,1,1,3,3,100,3,100,3,26,26,26,26,26
78,39a8645d,1,0,1,0,0,3,3,196,3.333333333,9,2,23,23,23,23,25
79,39e1d7f9,1,1,1,1,1,3,3,678,4,678,4,26,26,26,26,26
80,3aa6fb7a,1,1,1,1,1,2,2,49,2,49,3,15,15,15,15,15
81,3ac3eb23,1,0,1,1,1,2,2,51,2.5,51,2.5,21,20,20,20,20
82,3af2c5a8,0,0,0,0,0,3,3,12,2,48,2,32,32,32,31,32
83,3bd67248,1,0,0,1,1,3,3,94.33333333,2,94.33333333,4,34,29,34,30,28
84,3bdb4ada,1,1,1,1,1,2,2,200,3,200,3,38,38,38,38,38
85,3befdf3e,1,1,1,1,1,3,3,100,3,100,3,43,46,43,43,43
86,3c9b0459,0,0,0,0,0,4,4,9,2.75,9,2.75,34,34,34,34,35
87,3de23699,1,1,1,1,1,4,4,135.25,3,18,2,21,21,21,21,21
88,3e980e27,1,1,1,1,1,4,4,169,4,169,4,81,81,81,81,84
89,3eda0437,1,1,1,1,1,4,4,72.5,2.25,72.5,3.25,31,31,31,32,31
90,3f7978a0,1,1,1,1,1,3,3,107.6666667,3,30,3,18,18,17,18,17
91,40853293,1,1,1,1,1,2,2,400,6,400,6,21,21,22,22,22
92,4093f84a,1,0,0,0,0,3,3,196,3,196,2,45,45,45,45,45
93,41e4d17e,1,1,1,1,1,2,2,225,2,225,3,65,65,65,68,65
94,4258a5f9,1,1,1,1,1,2,2,81,2,81,3,16,16,16,16,16
95,4290ef0e,1,1,1,1,1,3,3,289.6666667,5.333333333,73,5.333333333,27,28,23,20,27
96,42a50994,0,0,0,0,0,4,4,188.5,2,188.5,2,32,33,32,33,30
97,4347f46a,0,1,1,1,1,3,3,158.6666667,3.333333333,158.6666667,3.333333333,26,25,26,25,26
98,444801d8,1,1,1,1,1,3,3,100,3.666666667,100,3.666666667,44,38,43,44,31
99,445eab21,1,1,1,1,1,3,3,100,3,4,1,25,25,25,26,24
100,447fd412,1,1,1,1,1,3,3,168,3,168,3,48,43,45,46,48
101,44d8ac46,1,1,1,1,1,4,4,144,2,144,2.75,24,24,24,24,25
102,44f52bb0,1,1,1,1,1,6,6,9,2,1,1,24,25,24,24,24
103,4522001f,1,1,1,1,1,2,2,9,3,81,2,78,78,78,78,78
104,4612dd53,1,1,1,1,1,3,3,143,2,143,3,39,39,39,39,39
105,46442a0e,1,1,1,0,1,3,3,7.333333333,2.333333333,29.33333333,2.333333333,82,82,82,83,83
106,469497ad,1,1,1,1,1,3,3,25,4,241.6666667,5,106,106,103,106,112
107,46f33fce,0,0,0,0,0,3,3,100,5.333333333,400,5.333333333,82,80,71,79,70
108,47c1f68c,0,1,1,1,1,3,3,83.66666667,3,66.66666667,2,47,47,49,47,46
109,484b58aa,1,1,1,1,1,3,3,841,7,841,6,36,36,36,36,36
110,48d8fb45,1,1,1,1,1,3,3,100,3,9,2,22,22,22,22,22
111,4938f0c2,1,1,1,1,1,3,3,289.3333333,3,289.3333333,3,20,20,20,20,20
112,496994bd,1,1,1,1,1,2,2,40,3,40,3,23,19,18,19,18
113,49d1d64f,1,1,1,1,1,3,3,6.333333333,4.666666667,20.33333333,5.333333333,95,95,95,95,95
114,4be741c5,0,1,0,0,1,3,3,128.6666667,3.333333333,3.333333333,3.333333333,47,46,47,42,46
115,4c4377d9,0,0,0,0,0,4,4,12,2,24,2,14,14,14,14,14
116,4c5c2cf0,1,1,1,1,1,3,3,178.6666667,3,178.6666667,3,32,32,32,32,32
117,50846271,1,0,1,1,1,4,4,328.5,3,328.5,4,35,33,23,30,35
118,508bd3b6,1,1,1,1,1,3,3,144,3,144,4,46,45,47,38,37
119,50cb2852,1,1,1,1,1,3,3,161,3.666666667,161,4.666666667,28,28,27,29,29
120,5.12E+65,1,1,1,1,1,3,3,169,5.333333333,9,2,24,22,25,25,24
121,5168d44c,1,1,1,1,1,3,3,77,3,77,3,54,54,54,53,54
122,539a4f51,1,1,1,0,1,3,3,25,4,100,3.333333333,77,76,79,76,76
123,53b68214,1,1,1,1,1,3,3,63.33333333,2,100,2,37,37,34,38,34
124,543a7ed5,0,0,1,1,1,2,2,225,2,225,4,22,22,22,22,22
125,54d82841,1,1,1,1,1,3,3,41.33333333,2.333333333,41.33333333,3.333333333,25,25,25,25,25
126,54d9e175,1,1,1,1,1,4,4,44,5,44,4,32,32,32,32,33
127,5521c0d9,1,1,1,1,1,3,3,225,4,225,4,22,22,23,22,22
128,5582e5ca,1,1,1,1,1,3,3,9,5,9,1,24,24,29,24,23
129,5614dbcf,1,1,1,1,1,2,2,81,5.5,9,4.5,40,35,40,40,35
130,56dc2b01,1,1,1,1,1,3,3,78,3,78,4,31,30,30,31,30
131,56ff96f3,1,1,1,1,1,4,4,80.5,2.5,80.5,2.5,28,28,24,25,26
132,57aa92db,1,1,1,1,1,4,4,264,4.5,264,4.5,34,34,23,31,31
133,5ad4f10b,1,1,1,1,1,3,3,512.6666667,3,9,2,63,63,63,63,64
134,5bd6f4ac,0,0,0,0,0,4,4,81,10,9,4.75,29,29,29,29,24
135,5c0a986e,1,1,1,1,1,3,3,100,3,100,3,44,44,44,44,44
136,5c2c9af4,1,1,1,1,1,3,3,529,2,529,2,100,100,37,44,41
137,5daaa586,1,1,1,1,1,3,3,279.3333333,5,99.33333333,5,58,58,60,58,57
138,60b61512,1,1,1,1,1,2,2,81,2,81,3,19,19,19,19,20
139,6150a2bd,1,1,1,0,1,2,2,9,4.5,9,4.5,34,33,33,34,33
140,623ea044,1,1,1,1,1,3,3,166.3333333,2,166.3333333,2,26,26,26,26,26
141,62c24649,1,1,1,1,1,3,3,9,4,36,4,46,46,46,46,46
142,63613498,1,0,1,1,1,3,3,100,6.333333333,100,5.333333333,70,70,68,70,73
143,6430c8c4,1,1,1,1,1,4,4,36,4,16,2,54,50,52,49,52
144,6455b5f5,0,1,0,0,0,4,4,198.25,2,198.25,4,43,43,42,41,44
145,662c240a,1,1,1,1,0,4,4,27,6,9,2,29,29,28,29,28
146,67385a82,0,0,0,1,0,4,4,19.75,2,19.75,3,29,29,24,29,29
147,673ef223,0,0,0,0,0,3,3,184,3,184,4,48,48,48,48,48
148,6773b310,1,1,1,1,1,4,4,121,3,9,2,27,27,27,27,27
149,67a3c6ac,0,0,0,0,0,3,3,33.66666667,4,33.66666667,4,13,13,13,11,13
150,67a423a3,1,1,1,1,1,3,3,38.66666667,3,38.66666667,4,18,18,18,19,18
151,67e8384a,0,0,0,0,0,4,4,9,3.75,36,3.75,22,22,25,22,20
152,681b3aeb,1,1,1,1,1,3,3,100,3,9,2,16,15,15,16,16
153,6855a6e4,0,1,0,0,0,3,3,225,3,225,3,28,26,28,27,28
154,68b16354,0,0,0,0,0,3,3,33,6,33,6,11,13,11,14,14
155,694f12f3,0,0,0,0,0,2,2,100,2,100,4,30,30,30,30,30
156,6a1e5592,1,1,1,0,0,2,2,150,3,150,3,26,26,26,26,24
157,6aa20dc0,1,1,1,1,1,3,3,420.6666667,4,420.6666667,4,16,16,16,16,16
158,6b9890af,1,0,0,0,0,3,3,433.3333333,3,70,3,16,16,16,16,16
159,6c434453,1,1,1,1,1,2,2,100,2,100,3,15,15,15,15,15
160,6cdd2623,0,0,0,0,0,3,3,252.3333333,4,252.3333333,2,47,47,46,44,58
161,6cf79266,1,1,1,1,1,3,3,400,2,400,3,26,26,26,26,27
162,6d0160f0,1,1,1,1,1,4,4,121,8.5,121,5.5,57,57,60,57,57
163,6d0aefbc,0,1,1,0,1,4,4,9,2.75,18,2.75,16,16,16,16,17
164,6d58a25d,1,1,1,1,1,3,3,400,3,400,3,35,35,35,35,36
165,6d75e8bb,1,1,0,1,1,3,3,89.33333333,2,89.33333333,3,26,26,26,27,26
166,6e02f1e3,0,0,0,0,0,5,5,9,1.8,9,2,76,76,70,75,60
167,6e19193c,1,1,1,1,0,2,2,100,2,100,2,32,32,32,32,32
168,6e82a1ae,1,1,0,1,1,3,3,100,2,100,4,36,36,36,36,36
169,6ecd11f4,1,1,1,1,1,3,3,575.3333333,9.333333333,11.33333333,6.333333333,26,26,26,26,26
170,6f8cd79b,1,1,1,1,0,4,4,17.75,1,17.75,2,40,37,38,39,37
171,6fa7a44f,0,0,0,0,0,4,4,9,3.75,18,3.75,25,25,25,25,25
172,72322fa7,1,1,1,1,1,3,3,236,4.333333333,236,4.333333333,22,22,22,22,22
173,72ca375d,0,0,0,0,0,3,3,100,4,6.666666667,1.666666667,15,15,15,15,15
174,73251a56,1,1,1,1,1,3,3,441,8,441,7,31,31,31,30,31
175,7447852a,1,1,1,1,1,3,3,43,2,43,3,32,32,32,34,32
176,7468f01a,1,1,1,1,1,3,3,199,3,27,2,17,17,17,17,17
177,746b3537,1,1,1,1,1,5,5,13,3.2,3.4,3.2,57,57,54,56,57
178,74dd1130,0,0,0,0,0,4,4,9,3,9,3,17,17,17,17,17
179,75b8110e,0,0,0,0,0,5,5,64,5,16,4.4,58,58,58,58,58
180,760b3cac,1,1,0,0,1,3,3,54,3,54,3,23,20,23,23,20
181,776ffc46,0,0,0,0,0,4,4,400,4,400,4,40,38,42,38,41
182,77fdfe62,1,1,1,1,1,3,3,54.66666667,7,12,4.666666667,18,18,17,18,18
183,780d0b14,1,1,1,1,1,3,3,395.6666667,5.666666667,5.333333333,4.666666667,20,20,21,20,20
184,7837ac64,1,1,1,1,1,4,4,785,4,9,3,15,15,15,15,15
185,794b24be,1,1,1,1,1,10,10,9,2,9,2,42,42,44,41,41
186,7b6016b9,1,1,1,1,1,3,3,527.6666667,2,527.6666667,3,18,18,18,18,18
187,7b7f7511,0,0,0,0,0,3,3,20.66666667,3,10.33333333,3,22,20,12,15,20
188,7c008303,1,1,1,1,1,3,3,81,6.666666667,36,4.666666667,58,58,58,57,56
189,7ddcd7ec,1,1,1,1,1,3,3,100,2,100,2,21,21,20,21,21
190,7df24a62,1,1,1,1,1,4,4,529,3,529,3,55,55,55,55,57
191,7e0986d6,1,1,1,1,1,2,2,195,3,195,2,20,19,19,18,20
192,7f4411dc,1,1,1,1,1,3,3,169,2,169,2,15,15,13,15,15
193,7fe24cdd,0,0,0,1,1,3,3,9,4,36,4,48,48,34,23,43
194,80af3007,0,0,0,0,0,3,3,288,2,81,2,34,34,34,34,34
195,810b9b61,1,1,1,1,1,3,3,177,2,177,3,41,41,41,41,41
196,82819916,1,1,1,1,1,4,4,76,6.25,76,6.25,32,34,32,32,32
197,83302e8f,1,1,1,1,1,3,3,592.6666667,2,592.6666667,3,39,39,39,37,39
198,834ec97d,1,1,1,1,1,3,3,38.33333333,2,38.33333333,3,41,41,40,40,41
199,8403a5d5,1,1,1,1,1,3,3,100,2,100,3,44,44,44,44,44
200,846bdb03,1,0,0,0,1,4,4,169,4,39.5,4,54,56,52,55,51
201,855e0971,1,1,1,1,1,4,4,218,3.75,218,3.75,86,86,87,87,87
202,85c4e7cd,0,0,0,0,0,4,4,86,4.5,86,4.5,38,38,37,34,35
203,868de0fa,1,0,0,0,0,5,5,189.2,2,189.2,4,34,34,34,34,34
204,8731374e,0,1,0,1,0,3,3,428,10,60,2,27,27,27,27,27
205,88a10436,0,1,1,0,1,3,3,72.33333333,5,72.33333333,4,26,28,25,28,29
206,88a62173,0,0,0,0,0,3,3,25,2,4,2,32,32,29,31,32
207,8.90E+14,1,1,1,1,1,3,3,441,4,441,4,89,89,89,89,89
208,8a004b2b,1,1,1,1,1,3,3,294.3333333,5,98.66666667,5,40,40,41,44,39
209,8be77c9e,0,0,1,0,0,3,3,9,2,18,2,31,33,31,32,24
210,8d5021e8,0,0,0,0,0,3,3,6,2,36,2,25,24,24,24,24
211,8d510a79,1,1,1,1,1,2,2,100,4,100,4,38,38,38,36,38
212,8e1813be,1,1,1,1,1,3,3,178,6.333333333,20.33333333,4.333333333,48,46,48,48,46
213,8e5a5113,1,1,1,1,1,3,3,33,5,33,4,38,38,38,35,41
214,8eb1be9a,1,1,1,1,1,2,2,202.5,2,202.5,2,23,23,24,22,22
215,8efcae92,1,1,1,1,1,3,3,400,3,65.33333333,2,25,22,24,24,17
216,8f2ea7aa,1,1,0,0,0,3,3,81,2,81,2,81,81,81,81,82
217,90c28cc7,1,1,1,1,1,3,3,441,6.333333333,6.333333333,5.333333333,17,15,17,14,13
218,90f3ed37,1,0,1,1,0,3,3,150,2,150,3,25,25,25,24,25
219,913fb3ed,1,1,1,1,1,4,4,118,2.75,118,4.5,19,19,19,19,19
220,91413438,1,1,1,1,1,4,4,9,2,193.5,2,35,35,35,35,35
221,91714a58,1,1,1,1,1,3,3,256,10,256,2,22,22,22,22,22
222,9172f3a0,1,1,1,1,1,2,2,9,3.5,81,3.5,31,31,32,32,33
223,928ad970,1,1,1,1,1,3,3,187,3,187,3,46,48,44,46,46
224,93b581b8,1,1,0,1,0,3,3,36,5,36,5,78,78,79,78,76
225,941d9a10,1,0,0,1,0,3,3,100,2,100,5,23,23,23,23,23
226,94f9d214,1,1,1,1,1,4,4,32,3,16,2,57,57,57,57,57
227,952a094c,1,1,1,1,1,3,3,100,6,100,6,86,86,86,85,86
228,9565186b,1,1,1,1,1,4,4,9,3.25,9,2,19,19,20,20,16
229,95990924,1,0,0,1,1,3,3,141.6666667,2,141.6666667,6,55,46,46,53,43
230,963e52fc,1,1,1,1,1,3,3,35,3,70,3,27,27,27,27,27
231,97999447,1,1,1,1,1,3,3,85.33333333,3,85.33333333,4,61,61,55,61,61
232,97a05b5b,0,0,0,0,1,3,3,282.6666667,4.666666667,99.33333333,3.666666667,29,29,29,29,29
233,98cf29f8,1,1,1,1,1,3,3,252.3333333,3,252.3333333,3,37,37,35,37,37
234,995c5fa3,0,0,0,0,0,4,4,56,2,9,2.75,82,86,86,87,86
235,99b1bc43,1,1,1,1,1,4,4,36,4,16,2,39,39,39,40,39
236,99fa7670,1,1,1,1,1,4,4,29,3,29,3,31,31,31,31,31
237,9aec4887,1,1,0,1,1,3,3,229.6666667,6,32.33333333,6,36,35,35,35,38
238,9af7a82c,1,1,1,1,1,4,4,11.25,3.5,19.25,4.5,123,124,125,121,123
239,9d9215db,1,1,1,1,1,3,3,361,4.333333333,361,4.333333333,68,65,67,65,65
240,9dfd6313,1,1,1,1,1,3,3,16.66666667,4,16.66666667,4,34,34,30,31,34
241,9ecd008a,0,0,0,0,0,3,3,256,8.666666667,9,4,17,17,17,17,17
242,9edfc990,0,0,0,0,0,3,3,216.6666667,10,216.6666667,10,39,39,39,35,35
243,9f236235,1,1,1,1,1,3,3,281,4,13.66666667,3,42,19,21,22,29
244,a1570a43,0,0,0,0,0,4,4,73,3,73,3,25,29,29,28,28
245,a2fd1cf0,1,1,1,1,1,3,3,184.3333333,3,184.3333333,4,42,42,41,42,42
246,a3325580,0,0,0,0,0,6,6,100,4.166666667,9.333333333,2,24,24,24,23,26
247,a3df8b1e,1,1,1,1,1,3,3,30,2,30,2,53,53,53,52,53
248,a416b8f3,1,1,1,1,1,3,3,12.33333333,4.666666667,24.66666667,4.666666667,24,24,24,24,24
249,a48eeaf7,1,1,1,1,1,2,2,100,3,100,3,19,19,19,19,19
250,a5313dff,1,1,0,1,0,3,3,90.66666667,2,90.66666667,3,23,23,23,23,23
251,a5f85a15,0,0,0,0,0,3,3,36.33333333,2,36.33333333,3,29,29,25,33,29
252,a61ba2ce,1,1,0,1,1,2,2,169,5,16,5,32,33,29,33,27
253,a61f2674,1,1,1,1,1,2,2,81,2,81,3,33,33,33,34,33
254,a64e4611,1,1,1,1,1,3,3,900,2,900,3,17,17,17,17,17
255,a65b410d,1,1,1,1,1,3,3,61.33333333,2,61.33333333,4,106,106,110,78,83
256,a68b268e,0,0,1,1,0,6,6,81,6,16,4.333333333,30,30,30,28,30
257,a699fb00,1,1,1,1,1,3,3,75,2,75,3,16,16,16,16,16
258,a740d043,0,0,1,1,0,3,3,42,3,7,2.666666667,22,22,22,22,22
259,a78176bb,1,1,1,0,1,3,3,100,3,100,2,40,40,40,40,40
260,a79310a0,1,1,1,1,1,3,3,19.66666667,2,19.66666667,2,16,16,16,16,16
261,a85d4709,1,1,1,1,1,4,4,9,2,9,2,75,75,75,76,76
262,a87f7484,1,1,1,1,1,4,4,36,5,9,2,20,18,20,19,21
263,a8c38be5,1,1,1,1,1,2,2,210,9.5,81,8.5,94,94,45,45,57
264,a8d7556c,1,1,1,1,1,3,3,324,2,324,3,21,21,21,21,21
265,a9f96cdd,1,1,1,1,1,4,4,15,2,15,3.75,64,64,64,64,64
266,aabf363d,1,1,1,1,1,2,2,49,3,49,2,32,22,21,30,32
267,aba27056,1,1,1,1,1,3,3,55.33333333,2,55.33333333,3,40,40,40,40,40
268,ac0a08a4,1,1,1,1,0,3,3,9,4.333333333,114,4.333333333,38,38,39,36,38
269,ae3edfdc,1,1,1,1,1,3,3,225,5,225,5,228,70,128,116,132
270,ae4f1146,1,1,1,1,1,4,4,81,3,9,2,20,20,20,20,20
271,aedd82e4,1,1,1,1,1,4,4,13.5,2,13.5,3,22,23,23,22,23
272,af902bf9,0,1,1,1,0,3,3,100,2,100,3,26,26,26,26,29
273,b0c4d837,1,0,1,1,1,6,6,59.66666667,3,9,2,67,60,60,60,60
274,b190f7f5,1,0,0,0,0,3,3,22.66666667,4.666666667,139.3333333,3.666666667,17,17,16,16,17
275,b1948b0a,1,1,1,1,1,3,3,18,2,18,2,13,13,13,13,13
276,b230c067,1,1,1,1,1,2,2,100,2,100,3,25,25,25,15,24
277,b27ca6d3,1,1,1,1,1,2,2,255,2,255,3,19,19,19,19,19
278,b2862040,1,1,1,1,0,4,4,149.25,2,149.25,3,12,12,12,11,11
279,b527c5c6,0,0,0,0,0,4,4,325,3,325,3,48,47,45,44,48
280,b548a754,1,1,1,1,1,3,3,132.6666667,4,132.6666667,3,43,44,43,44,44
281,b60334d2,1,1,1,1,1,2,2,81,2,81,3,41,41,41,41,41
282,b6afb2da,1,1,1,1,1,2,2,100,2,100,4,31,26,32,28,26
283,b7249182,1,1,1,1,0,3,3,150,3,150,3,89,88,92,90,90
284,b775ac94,1,1,1,1,1,3,3,498.6666667,6,498.6666667,6,70,70,67,64,67
285,b782dc8a,0,1,1,1,1,2,2,223,4,223,4,41,41,34,33,31
286,b8825c91,1,1,1,1,1,4,4,256,8.75,256,7.75,19,18,19,20,18
287,b8cdaf2b,0,0,0,0,0,4,4,27,3,27,3,21,21,21,20,21
288,b91ae062,1,1,1,1,1,5,5,9,3.8,75.6,3.8,36,36,36,36,35
289,b94a9452,1,1,1,1,1,3,3,148,3,16.66666667,2,46,39,33,44,46
290,b9b7f026,1,1,1,1,1,3,3,240.6666667,6.333333333,1,1,23,24,23,20,21
291,ba26e723,1,1,1,1,1,5,5,35.4,2,35.4,3,36,36,36,36,36
292,ba97ae07,1,1,1,1,1,4,4,84,3,84,3,30,29,30,28,28
293,bb43febb,1,1,1,1,1,2,2,100,2,100,3,22,22,22,22,22
294,bbc9ae5d,1,1,0,1,1,5,5,7.2,2,27.2,2,69,68,61,69,66
295,bc1d5164,1,1,1,1,1,5,5,35,2,9,2,27,27,27,26,31
296,bd4472b8,1,1,1,1,1,3,3,25.33333333,5,25.33333333,4,66,66,66,66,68
297,bda2d7a6,0,0,1,0,0,3,3,45.33333333,3,45.33333333,3,32,32,32,32,32
298,bdad9b1f,1,1,1,1,1,2,2,36,3,36,4,39,39,41,39,40
299,be94b721,0,0,0,1,0,4,4,67.5,4,9.75,1.75,18,18,18,18,18
300,beb8660c,0,0,0,0,0,3,3,35.66666667,5.666666667,35.66666667,5.666666667,43,43,42,42,43
301,c0f76784,1,1,1,1,1,3,3,144,2,144,4.666666667,28,28,27,28,27
302,c1d99e64,1,0,1,0,0,3,3,217,2,217,3,29,29,30,27,32
303,c3e719e8,1,1,1,1,1,3,3,9,3.666666667,81,4.666666667,174,148,168,173,170
304,c3f564a4,0,1,1,1,1,3,3,256,7,256,6,19,19,18,19,19
305,c444b776,1,1,1,1,1,2,2,266,5.5,266,5.5,16,16,16,16,16
306,c59eb873,1,0,1,1,1,3,3,9.666666667,4,38.66666667,4,45,45,45,45,37
307,c8cbb738,1,1,1,1,1,3,3,126.6666667,3.666666667,19.66666667,3.666666667,33,33,30,33,34
308,c8f0f002,1,1,1,1,1,3,3,15,3,15,3,13,13,13,13,13
309,c909285e,1,1,1,1,1,3,3,678.6666667,5.666666667,49,5,32,32,32,32,32
310,c9e6f938,1,1,1,1,0,3,3,9,2,18,2,20,20,20,20,20
311,c9f8e694,1,1,1,1,1,2,2,144,4,144,3,17,18,18,18,18
312,caa06a1f,1,1,1,1,1,3,3,73.66666667,3,73.66666667,2,29,28,28,24,28
313,cbded52d,1,1,1,1,1,3,3,64,3.666666667,64,3.666666667,24,24,24,24,23
314,cce03e0d,0,0,0,0,0,3,3,9,3,81,3,47,47,47,47,47
315,cdecee7f,1,1,1,1,1,3,3,100,7.333333333,9,7,125,123,125,125,123
316,ce22a75a,1,1,1,1,1,2,2,81,2,81,2,18,18,18,18,19
317,ce4f8723,1,1,1,1,1,4,4,36,4,16,2,38,38,38,38,38
318,ce602527,1,1,1,1,1,4,4,297.75,4,17.5,2,30,27,30,29,28
319,ce9e57f2,1,1,1,1,1,3,3,72,2,72,3,69,67,67,71,67
320,cf98881b,0,0,0,0,0,5,5,56,5,16,3.8,34,34,34,34,34
321,d037b0a7,1,1,1,1,1,3,3,9,3.666666667,9,3.666666667,26,26,27,24,29
322,d06dbe63,1,1,1,0,1,2,2,169,2,169,3,52,50,52,52,52
323,d07ae81c,1,1,1,1,1,3,3,207,4,207,4,30,30,29,29,30
324,d0f5fe59,1,1,1,1,1,3,3,133.3333333,2,9.666666667,2,31,31,31,31,31
325,d10ecb37,0,1,0,0,0,3,3,57.33333333,3.666666667,4,3.666666667,74,74,74,74,71
326,d13f3404,1,1,1,1,1,3,3,9,4,36,4,22,22,21,22,21
327,d22278a0,0,0,0,0,0,4,4,115.5,3.25,115.5,3.25,22,24,25,26,23
328,d23f8c26,1,1,1,1,1,3,3,19.66666667,6.333333333,19.66666667,3.333333333,18,18,18,18,18
329,d2abd087,1,1,1,1,1,3,3,100,2,100,3,52,52,52,52,52
330,d364b489,1,1,0,1,1,2,2,100,2,100,6,53,53,52,53,53
331,d406998b,0,0,0,0,0,4,4,36.75,2,36.75,3,22,22,22,22,22
332,d43fd935,1,1,1,1,1,3,3,100,3.666666667,100,3.666666667,25,23,25,25,25
333,d4469b4b,1,1,1,1,1,7,7,25,2,9,2,100,100,100,94,100
334,d4a91cb9,1,1,1,1,1,3,3,113.3333333,3,113.3333333,4,31,31,31,31,31
335,d4f3cd78,1,1,1,1,1,2,2,100,2,100,3,27,26,26,25,26
336,d511f180,1,1,1,1,1,3,3,14.33333333,7.333333333,14.33333333,7.333333333,27,27,26,27,26
337,d5d6de2d,1,1,1,1,1,3,3,141.6666667,2,141.6666667,2,23,23,18,23,23
338,d631b094,0,1,0,1,0,4,4,9,2,2.5,1,28,21,27,25,29
339,d687bc17,1,0,0,0,0,3,3,149.3333333,6.333333333,149.3333333,5,120,119,119,120,122
340,d6ad076f,1,0,0,0,1,3,3,100,3,100,4,30,31,31,32,32
341,d89b689b,1,0,1,1,1,3,3,100,6,100,5,31,31,31,31,31
342,d8c310e9,0,1,1,1,1,3,3,75,3.666666667,75,3.666666667,15,15,15,15,16
343,d90796e8,1,1,1,1,1,3,3,33.33333333,4,33.33333333,4.333333333,40,42,36,35,36
344,d9f24cd1,0,0,0,0,0,2,2,100,3,100,3,37,37,37,37,37
345,d9fac9be,1,0,0,0,0,4,4,84.75,3,1,1,24,25,24,24,22
346,dae9d2b5,1,1,1,1,1,5,5,18,3,9,2,76,77,78,76,79
347,db3e9e38,1,1,1,1,1,2,2,45.5,2,45.5,3,43,43,40,41,41
348,db93a21d,1,1,1,1,1,4,4,281.25,2,281.25,4,111,111,111,111,111
349,dbc1a6ce,1,1,1,1,1,4,4,104,2,104,3,35,33,34,35,35
350,dc0a314f,0,0,0,0,0,3,3,256,6.666666667,25,4.333333333,42,42,41,42,42
351,dc1df850,0,0,1,1,1,3,3,36.33333333,3,36.33333333,4,20,20,20,20,20
352,dc433765,1,1,1,1,1,7,7,46.85714286,3,46.85714286,3,26,26,27,26,26
353,ddf7fa4f,1,1,1,1,1,3,3,100,5,100,4,22,22,21,22,22
354,de1cd16c,1,1,1,1,1,4,4,259.25,4.5,1,1,22,22,22,22,20
355,ded97339,0,0,0,0,0,3,3,100,2,100,2,19,19,16,19,19
356,e179c5f4,1,1,1,1,1,3,3,30,2,30,2,88,87,49,84,87
357,e21d9049,0,1,1,1,1,2,2,171,4.5,171,4.5,17,17,17,17,17
358,e26a3af2,1,1,1,0,1,3,3,204.3333333,9,204.3333333,3.666666667,24,24,23,24,24
359,e3497940,1,1,1,1,1,3,3,90,4,40,3,38,38,37,34,32
360,e40b9e2f,0,0,0,0,0,3,3,100,3,100,3,59,43,48,50,36
361,e48d4e1a,1,1,1,1,1,4,4,100,3,100,2,24,24,25,23,24
362,e5062a87,1,1,1,1,1,3,3,100,3,100,3,30,30,29,31,31
363,e509e548,1,1,1,1,1,3,3,225.6666667,2,225.6666667,4,52,52,53,52,52
364,e50d258f,1,1,1,1,1,3,3,100,4,17.66666667,3,16,16,16,16,16
365,e6721834,1,1,1,1,1,3,3,296.6666667,5,148.3333333,4,35,33,36,39,28
366,e73095fd,1,1,1,1,0,3,3,230.3333333,2,230.3333333,3,11,11,11,11,11
367,e76a88a6,1,1,1,1,1,2,2,100,4,100,3,15,15,15,15,15
368,e8593010,1,1,1,1,1,3,3,100,2,100,4,30,30,30,30,30
369,e8dc4411,1,1,1,1,1,3,3,185,3,185,3,62,59,60,60,61
370,e9614598,1,1,1,1,1,2,2,100,2,100,3,16,16,16,16,16
371,e98196ab,0,0,0,0,0,3,3,121,4,55,3,17,16,19,16,17
372,e9afcf9a,0,1,1,0,1,2,2,12,2,12,2,85,86,87,89,87
373,ea32f347,0,0,0,0,0,4,4,100,2,100,4,37,37,37,37,37
374,ea786f4a,1,1,1,1,1,3,3,27.66666667,2,27.66666667,2,23,23,23,23,23
375,eb281b96,1,0,0,1,0,2,2,59.5,2,187,2,48,48,49,48,49
376,eb5a1d5d,1,1,1,1,1,3,3,544.3333333,3,27.66666667,3,24,24,24,24,24
377,ec883f72,1,1,0,0,1,4,4,81.25,3,81.25,3,24,24,23,23,24
378,ecdecbb3,1,1,1,1,1,3,3,202.3333333,3,202.3333333,3,113,112,110,106,106
379,ed36ccf7,0,0,0,0,0,4,4,9,2,9,2,14,14,14,14,15
380,ef135b50,1,1,1,1,1,3,3,100,2,100,3,26,26,26,25,26
381,f15e1fac,1,1,1,1,1,3,3,162.6666667,3,162.6666667,3,226,66,69,38,49
382,f1cefba8,0,0,0,0,0,3,3,263.3333333,3,263.3333333,3,31,32,30,31,33
383,f25fbde4,1,1,1,1,1,3,3,81,2,44,2,23,24,22,23,24
384,f25ffba3,0,0,0,0,0,2,2,40,4.5,40,4.5,18,19,17,17,17
385,f2829549,1,1,1,1,1,5,5,28,4,12,2,38,38,38,38,38
386,f35d900a,1,1,1,1,1,4,4,244.5,3,244.5,4,83,84,87,87,86
387,f5b8619d,0,1,1,1,1,3,3,16.33333333,2,65.33333333,3,57,54,53,52,51
388,f76d97a5,1,1,1,1,1,3,3,19.66666667,2,19.66666667,2,20,19,20,20,20
389,f8a8fe49,1,1,1,1,1,3,3,225,3,225,3,32,32,32,32,32
390,f8b3ba0a,0,0,0,0,0,4,4,169,5,3,3,18,18,18,18,18
391,f8c80d96,1,1,1,1,1,3,3,100,2,100,2,27,27,24,26,26
392,f8ff0b80,1,1,1,1,1,3,3,144,4,3,3,44,44,44,44,44
393,f9012d9b,1,0,1,1,1,3,3,30,3,3,1.666666667,34,34,34,34,34
394,fafffa47,1,1,1,1,1,5,5,18,3,9,2,59,58,58,56,62
395,fcb5c309,0,0,0,0,0,3,3,205.6666667,3,46.66666667,2,53,53,53,53,53
396,fcc82909,1,1,1,1,1,3,3,100,6.333333333,100,7.333333333,45,45,45,45,45
397,feca6190,0,1,1,0,0,5,5,5,3,120,3,81,53,55,53,80
398,ff28f65a,1,1,1,1,1,8,8,36.375,2,9,2,51,51,51,51,51
399,ff805c23,0,0,0,1,0,3,3,576,4.333333333,25,2,18,18,18,18,18
