task_id,task_name,description_output_word_count,ChatGPT Response1_word_count,ChatGPT Response2_word_count,ChatGPT Response3_word_count,ChatGPT Response4_word_count
0,007bbfb7,109,73,65,57,80
1,00d62c1b,54,54,55,55,56
2,017c7c7b,24,19,18,17,19
3,025d127b,59,44,36,41,40
4,045e512c,40,33,30,25,25
5,0520fde7,53,28,33,26,34
6,5269061,32,23,18,23,23
7,05f2a901,45,22,22,20,19
8,06df4c85,26,17,18,21,15
9,08ed6ac7,29,34,31,33,33
10,09629e4f,35,27,31,35,31
11,0962bcdd,49,32,26,30,33
12,0a938d79,73,34,29,33,25
13,0b148d64,25,24,26,23,22
14,0ca9ddb6,46,41,46,42,42
15,0d3d703e,35,13,13,25,13
16,0dfd9992,19,22,23,19,20
17,0e206a2e,23,20,19,20,19
18,10fcaaa3,140,121,114,116,115
19,11852cab,28,15,14,13,13
20,1190e5a7,46,25,24,22,22
21,137eaa0f,26,26,26,27,23
22,150deff5,23,17,23,20,23
23,178fcbfb,34,32,33,35,33
24,1a07d186,51,18,19,22,28
25,1b2d62fb,36,33,35,36,37
26,1b60fb0c,29,21,21,21,19
27,1bfc4729,82,82,80,33,62
28,1c786137,32,36,36,35,35
29,1caeab9d,35,24,25,17,24
30,1cf80156,26,18,21,20,21
31,1e0a9b12,47,40,35,34,35
32,1e32b0e9,39,39,38,39,39
33,1f0c79e5,55,38,43,42,46
34,1f642eb9,42,40,40,40,40
35,1f85a75f,11,11,11,11,11
36,1f876c06,21,15,15,13,15
37,1fad071e,19,19,17,17,19
38,2013d3e2,27,22,22,20,24
39,2204b7a8,35,11,14,13,14
40,22168020,25,22,23,23,23
41,22233c11,54,35,29,26,27
42,2281f1f4,52,27,26,31,32
43,228f6490,26,18,17,18,18
44,22eb0ac0,45,23,43,35,47
45,234bbc79,40,41,43,45,48
46,23581191,33,18,21,19,17
47,239be575,28,22,12,14,23
48,23b5c85d,16,17,15,15,16
49,253bf280,19,19,18,19,19
50,25d487eb,16,16,17,16,16
51,25d8a9c8,32,33,27,28,27
52,25ff71a9,15,16,13,14,19
53,264363fd,102,93,89,88,92
54,272f95fa,43,33,22,34,32
55,27a28665,94,86,88,93,94
56,28bf18c6,16,13,9,13,13
57,28e73c20,45,41,34,45,42
58,29623171,47,29,25,27,20
59,29c11459,28,29,27,28,31
60,29ec7d0e,23,16,20,19,18
61,2bcee788,52,25,29,32,39
62,2bee17df,73,17,22,21,23
63,2c608aff,28,22,28,21,22
64,2dc579da,23,18,19,20,18
65,2dd70a9a,32,17,17,14,19
66,2dee498d,16,11,14,15,18
67,31aa019c,50,32,28,37,29
68,321b1fc6,36,24,30,25,28
69,32597951,25,18,17,21,18
70,3345333e,16,17,14,15,16
71,3428a4f5,33,29,35,29,31
72,3618c87e,22,19,20,20,18
73,3631a71a,41,21,18,21,19
74,363442ee,33,16,18,20,17
75,36d67576,15,14,14,14,12
76,36fdfd69,34,29,26,29,29
77,3906de3d,26,15,19,16,16
78,39a8645d,24,25,26,25,22
79,39e1d7f9,26,25,27,24,28
80,3aa6fb7a,15,14,14,13,13
81,3ac3eb23,21,13,14,12,16
82,3af2c5a8,32,24,18,22,25
83,3bd67248,38,30,27,23,23
84,3bdb4ada,38,17,19,25,15
85,3befdf3e,43,41,45,39,41
86,3c9b0459,34,13,12,16,10
87,3de23699,21,22,17,21,20
88,3e980e27,81,79,73,69,69
89,3eda0437,31,30,30,30,31
90,3f7978a0,17,17,17,17,17
91,40853293,21,17,16,15,15
92,4093f84a,45,33,19,24,23
93,41e4d17e,65,33,36,44,41
94,4258a5f9,16,14,11,13,15
95,4290ef0e,27,15,18,19,15
96,42a50994,33,27,27,34,33
97,4347f46a,26,18,17,21,19
98,444801d8,44,27,33,30,29
99,445eab21,25,15,16,15,13
100,447fd412,50,44,53,44,40
101,44d8ac46,24,26,23,24,23
102,44f52bb0,23,14,18,18,19
103,4522001f,78,70,61,73,59
104,4612dd53,39,41,32,35,38
105,46442a0e,83,47,48,52,49
106,469497ad,106,102,105,107,106
107,46f33fce,14,11,12,10,13
108,47c1f68c,70,60,66,68,65
109,484b58aa,37,24,27,24,26
110,48d8fb45,22,15,18,15,15
111,4938f0c2,21,16,15,16,14
112,496994bd,24,20,19,20,23
113,49d1d64f,85,77,76,70,75
114,4be741c5,29,21,21,20,24
115,4c4377d9,36,20,22,25,25
116,4c5c2cf0,32,13,14,15,15
117,50846271,40,26,26,28,25
118,508bd3b6,64,38,29,33,39
119,50cb2852,33,34,33,34,33
120,5.12E+65,17,14,15,13,12
121,5168d44c,46,44,46,41,47
122,539a4f51,106,25,26,30,27
123,53b68214,37,25,24,23,23
124,543a7ed5,22,21,18,21,21
125,54d82841,25,18,22,14,18
126,54d9e175,34,35,31,34,32
127,5521c0d9,22,15,15,20,20
128,5582e5ca,25,24,22,18,19
129,5614dbcf,40,24,22,24,24
130,56dc2b01,28,29,31,30,30
131,56ff96f3,28,20,19,20,19
132,57aa92db,19,18,18,19,15
133,5ad4f10b,28,29,28,27,29
134,5bd6f4ac,29,30,22,29,21
135,5c0a986e,44,43,40,43,42
136,5c2c9af4,115,34,27,38,35
137,5daaa586,58,49,40,38,42
138,60b61512,13,13,12,13,12
139,6150a2bd,35,21,24,24,26
140,623ea044,26,19,19,21,22
141,62c24649,46,42,45,41,46
142,63613498,71,42,38,30,34
143,6430c8c4,54,42,46,46,45
144,6455b5f5,45,32,35,33,32
145,662c240a,29,28,27,29,29
146,67385a82,28,22,20,19,23
147,673ef223,48,44,48,48,48
148,6773b310,27,27,27,27,27
149,67a3c6ac,13,10,9,10,11
150,67a423a3,18,18,17,18,18
151,67e8384a,22,21,22,21,24
152,681b3aeb,16,16,15,14,14
153,6855a6e4,28,21,19,22,26
154,68b16354,12,14,14,15,11
155,694f12f3,30,19,19,16,22
156,6a1e5592,27,26,27,26,26
157,6aa20dc0,16,14,14,16,13
158,6b9890af,16,14,14,14,13
159,6c434453,15,16,16,13,12
160,6cdd2623,130,21,19,19,20
161,6cf79266,27,23,26,27,27
162,6d0160f0,57,31,33,46,58
163,6d0aefbc,16,10,12,13,10
164,6d58a25d,35,28,29,35,36
165,6d75e8bb,26,16,18,15,18
166,6e02f1e3,76,24,25,21,25
167,6e19193c,32,29,24,30,30
168,6e82a1ae,36,47,44,43,37
169,6ecd11f4,26,19,20,27,19
170,6f8cd79b,40,18,22,24,20
171,6fa7a44f,25,22,21,18,21
172,72322fa7,22,23,20,20,21
173,72ca375d,15,12,11,12,10
174,73251a56,32,15,18,18,20
175,7447852a,32,25,28,31,31
176,7468f01a,12,10,10,10,10
177,746b3537,29,25,23,24,22
178,74dd1130,18,16,17,18,17
179,75b8110e,58,38,41,38,43
180,760b3cac,23,17,15,17,21
181,776ffc46,40,20,21,23,20
182,77fdfe62,18,15,12,13,14
183,780d0b14,20,17,16,17,16
184,7837ac64,15,13,13,13,13
185,794b24be,42,25,23,23,21
186,7b6016b9,19,14,16,16,17
187,7b7f7511,22,14,16,12,15
188,7c008303,101,39,34,45,49
189,7ddcd7ec,18,18,11,12,16
190,7df24a62,61,25,26,19,28
191,7e0986d6,21,20,20,20,20
192,7f4411dc,53,53,53,51,58
193,7fe24cdd,49,23,26,32,26
194,80af3007,35,35,35,35,35
195,810b9b61,41,26,28,22,24
196,82819916,33,33,33,34,38
197,83302e8f,39,39,39,39,40
198,834ec97d,41,40,43,42,45
199,8403a5d5,45,45,45,39,46
200,846bdb03,54,33,34,37,40
201,855e0971,86,23,28,24,23
202,85c4e7cd,38,18,16,21,14
203,868de0fa,34,34,33,34,34
204,8731374e,27,24,23,22,24
205,88a10436,27,25,26,26,26
206,88a62173,33,30,29,29,28
207,8.90E+14,103,64,64,75,75
208,8a004b2b,23,21,21,17,20
209,8be77c9e,31,31,34,17,33
210,8d5021e8,25,21,22,25,22
211,8d510a79,38,19,15,17,17
212,8e1813be,48,13,12,17,16
213,8e5a5113,38,27,34,38,34
214,8eb1be9a,24,21,26,25,22
215,8efcae92,25,19,19,22,20
216,8f2ea7aa,81,79,66,65,50
217,90c28cc7,17,16,15,15,15
218,90f3ed37,27,26,25,25,23
219,913fb3ed,19,18,19,18,19
220,91413438,35,25,33,32,34
221,91714a58,23,23,17,18,22
222,9172f3a0,31,29,33,32,32
223,928ad970,47,48,48,48,49
224,93b581b8,79,77,74,79,75
225,941d9a10,23,23,23,24,23
226,94f9d214,57,34,30,30,28
227,952a094c,87,35,47,42,41
228,9565186b,19,11,10,18,21
229,95990924,56,56,36,55,37
230,963e52fc,27,21,23,23,24
231,97999447,61,55,58,63,54
232,97a05b5b,29,22,25,25,25
233,98cf29f8,38,30,19,20,24
234,995c5fa3,82,95,69,71,54
235,99b1bc43,39,36,40,37,39
236,99fa7670,31,25,25,20,27
237,9aec4887,36,30,31,35,34
238,9af7a82c,123,98,72,87,86
239,9d9215db,69,61,55,56,53
240,9dfd6313,34,30,30,30,29
241,9ecd008a,18,12,16,14,14
242,9edfc990,39,18,18,17,20
243,9f236235,42,30,36,27,38
244,a1570a43,26,26,27,25,28
245,a2fd1cf0,43,22,24,27,26
246,a3325580,24,23,23,21,21
247,a3df8b1e,53,36,36,42,35
248,a416b8f3,24,22,25,23,24
249,a48eeaf7,19,14,12,14,12
250,a5313dff,23,23,23,23,22
251,a5f85a15,29,32,29,29,24
252,a61ba2ce,32,27,25,25,26
253,a61f2674,33,26,30,31,29
254,a64e4611,17,18,17,17,20
255,a65b410d,106,33,48,37,47
256,a68b268e,30,30,28,31,27
257,a699fb00,16,13,12,11,12
258,a740d043,23,23,24,23,23
259,a78176bb,40,38,39,37,38
260,a79310a0,17,17,14,15,17
261,a85d4709,75,36,34,40,40
262,a87f7484,20,16,20,18,18
263,a8c38be5,94,33,60,62,52
264,a8d7556c,21,16,17,22,18
265,a9f96cdd,64,51,47,41,54
266,aabf363d,32,27,32,31,20
267,aba27056,40,31,27,29,27
268,ac0a08a4,38,31,29,26,34
269,ae3edfdc,228,37,27,30,27
270,ae4f1146,20,17,21,21,20
271,aedd82e4,23,22,25,21,23
272,af902bf9,26,26,22,22,26
273,b0c4d837,67,74,67,71,69
274,b190f7f5,17,14,12,13,14
275,b1948b0a,13,13,11,14,13
276,b230c067,25,26,25,25,25
277,b27ca6d3,20,23,22,18,21
278,b2862040,12,12,11,11,11
279,b527c5c6,48,17,23,26,20
280,b548a754,43,35,41,39,40
281,b60334d2,41,41,31,35,35
282,b6afb2da,32,31,31,31,32
283,b7249182,89,85,85,83,87
284,b775ac94,70,41,42,40,40
285,b782dc8a,41,30,20,27,27
286,b8825c91,19,16,13,14,14
287,b8cdaf2b,21,15,11,16,15
288,b91ae062,36,36,34,37,35
289,b94a9452,46,43,32,30,25
290,b9b7f026,23,19,20,22,20
291,ba26e723,36,35,31,38,36
292,ba97ae07,31,31,30,29,29
293,bb43febb,23,14,13,15,15
294,bbc9ae5d,69,67,57,55,63
295,bc1d5164,28,23,22,21,21
296,bd4472b8,66,66,50,60,67
297,bda2d7a6,32,21,22,16,20
298,bdad9b1f,40,25,25,31,37
299,be94b721,18,13,12,13,18
300,beb8660c,44,27,22,22,22
301,c0f76784,28,26,26,29,27
302,c1d99e64,29,19,17,18,20
303,c3e719e8,174,58,59,64,56
304,c3f564a4,19,16,16,16,16
305,c444b776,16,16,16,16,16
306,c59eb873,45,22,17,16,21
307,c8cbb738,33,23,28,30,31
308,c8f0f002,13,11,13,13,13
309,c909285e,33,32,31,34,33
310,c9e6f938,20,16,15,14,16
311,c9f8e694,17,15,17,16,18
312,caa06a1f,29,21,23,22,25
313,cbded52d,24,20,16,17,20
314,cce03e0d,47,26,28,26,23
315,cdecee7f,125,26,38,38,55
316,ce22a75a,18,16,19,19,13
317,ce4f8723,38,37,38,38,38
318,ce602527,30,19,21,19,23
319,ce9e57f2,69,46,26,31,49
320,cf98881b,35,31,40,33,35
321,d037b0a7,26,14,15,18,16
322,d06dbe63,52,37,45,47,48
323,d07ae81c,30,27,24,25,29
324,d0f5fe59,31,16,17,19,20
325,d10ecb37,74,29,29,33,29
326,d13f3404,22,20,18,20,22
327,d22278a0,22,13,20,16,15
328,d23f8c26,19,17,16,18,21
329,d2abd087,52,22,35,25,23
330,d364b489,53,45,32,43,32
331,d406998b,18,18,18,18,18
332,d43fd935,25,16,20,13,21
333,d4469b4b,101,98,101,100,100
334,d4a91cb9,31,27,25,27,26
335,d4f3cd78,27,24,19,21,26
336,d511f180,27,25,25,27,29
337,d5d6de2d,23,21,20,19,19
338,d631b094,28,15,18,13,17
339,d687bc17,120,56,55,60,57
340,d6ad076f,30,25,24,22,24
341,d89b689b,31,18,19,14,16
342,d8c310e9,15,13,13,13,12
343,d90796e8,40,15,19,18,18
344,d9f24cd1,37,37,34,33,40
345,d9fac9be,24,19,11,18,17
346,dae9d2b5,76,30,30,41,45
347,db3e9e38,43,31,16,40,36
348,db93a21d,111,86,68,72,63
349,dbc1a6ce,37,30,36,30,35
350,dc0a314f,22,16,17,16,13
351,dc1df850,20,16,19,23,17
352,dc433765,26,21,21,15,19
353,ddf7fa4f,22,18,14,14,15
354,de1cd16c,22,14,17,20,16
355,ded97339,19,17,17,17,17
356,e179c5f4,89,40,36,51,40
357,e21d9049,17,17,18,17,20
358,e26a3af2,24,16,22,16,16
359,e3497940,38,29,29,33,34
360,e40b9e2f,59,54,53,56,56
361,e48d4e1a,24,25,26,25,26
362,e5062a87,30,26,23,23,23
363,e509e548,52,52,48,52,53
364,e50d258f,16,16,16,16,16
365,e6721834,35,27,29,33,34
366,e73095fd,11,10,10,11,11
367,e76a88a6,16,15,15,15,14
368,e8593010,30,30,30,30,30
369,e8dc4411,62,23,25,31,28
370,e9614598,16,15,15,16,15
371,e98196ab,17,15,16,17,20
372,e9afcf9a,85,31,31,24,37
373,ea32f347,37,36,31,32,35
374,ea786f4a,23,19,19,14,13
375,eb281b96,49,44,46,42,47
376,eb5a1d5d,25,24,24,24,25
377,ec883f72,24,13,15,13,12
378,ecdecbb3,113,99,98,99,102
379,ed36ccf7,14,14,14,17,14
380,ef135b50,28,24,19,20,19
381,f15e1fac,228,208,196,188,201
382,f1cefba8,31,31,34,31,32
383,f25fbde4,23,24,29,29,27
384,f25ffba3,18,15,15,13,14
385,f2829549,38,36,35,43,39
386,f35d900a,83,32,33,73,28
387,f5b8619d,57,29,30,36,35
388,f76d97a5,20,19,13,15,18
389,f8a8fe49,32,34,34,28,30
390,f8b3ba0a,18,16,17,15,16
391,f8c80d96,28,25,25,24,24
392,f8ff0b80,47,18,14,19,17
393,f9012d9b,27,21,17,22,18
394,fafffa47,61,34,42,34,41
395,fcb5c309,51,31,19,25,27
396,fcc82909,32,28,29,33,34
397,feca6190,87,22,37,31,27
398,ff28f65a,153,134,144,142,134
399,ff805c23,30,14,15,11,21
