task_id,task_name,shuffled_description1,shuffled_description2,shuffled_description3,shuffled_description4,shuffled_description5,answer
31,1e0a9b12,"To make the output, you have to...think of the grid as a blue field and as the colored squares as being objects floating in space. Gravity is suddenly turned on and all of the block rise horizontally to the left. That produces the correct output grid.","To make the output, you have to...think of the grid as a red field and as the colored squares as being objects floating in space. Gravity is suddenly turned on and all of the block fall vertically to the top. That produces the correct output grid.","To make the output, you have to...think of the grid as a black field and as the colored squares as being objects floating in space. Gravity is suddenly turned on and all of the block fall vertically to the bottom. That produces the correct output grid.","To make the output, you have to...think of the grid as a white field and as the colored squares as being objects floating in space. Gravity is suddenly turned off and all of the block rise vertically to the top. That produces the correct output grid.","To make the output, you have to...think of the grid as a green field and as the colored squares as being objects floating in space. Gravity is suddenly turned off and all of the block fall horizontally to the right. That produces the correct output grid.",3
86,3c9b0459,"To make the output, you have to...rotate the grid 180 degrees clockwise.","To make the output, you have to...reflect the grid along the horizontal axis.","To make the output, you have to...twist the grid 90 degrees clockwise.","To make the output, you have to...rotate the grid 180 degrees counter-clockwise.","To make the output, you have to...mirror the grid along the vertical axis.",1
13,0b148d64,"To make the output, you have to...focus on three sections colored in identical patterns, and among these, choose the one section that is colored usually. Afterward, copy all the similarly colored sections into the output grid.","To make the output, you have to...combine four sections colored in different patterns, and among these, select one section that is colored similarly. Afterward, copy the similarly colored section into the output grid.","To make the output, you have to...blend four sections colored in matching patterns, and among these, select the one section that is colored similarly. Afterward, erase the differently colored section from the output grid.","To make the output, you have to...distinguish between four sections colored in random patterns, and among these, identify the one section that is colored differently. Afterward, copy only the differently colored section into the output grid.","To make the output, you have to...ignore the sections colored in patterns, and among these, ignore the section that is colored similarly. Afterward, copy none of the sections into the output grid.",4
96,42a50994,"To make the output, you have to...erase the input grid, identify which pixels are disconnected and change background colors of single pixels to the background color or white.","To make the output, you have to...copy the input grid, identify which pixels are connected or touching any other and change background colors of single pixels to the background color or black.","To make the output, you have to...rotate the input grid, identify which pixels are touching any other and change background colors of groups of pixels to white.","To make the output, you have to...copy the input grid, identify which pixels are connected or touching any other and change background colors of groups of pixels to black.","To make the output, you have to...copy the input grid, identify which pixels are connected or touching any other and change background colors of single pixels to the background color or black.",2
67,31aa019c,"To make the output, you have to...make the entire output grid brown. Then find the block in the input grid that is the most repetitive one of that color and place it in the mirrored position in the output grid. Then surround that block with blocks of the pale pink color.","To make the output, you have to...make the entire output grid gray. Then find the block in the input grid that is the largest one of that color and place it in a random position in the output grid. Then surround that block with blocks of the bright purple color.","To make the output, you have to...make the entire output grid green. Then find the block in the input grid that is the smallest one of that color and place it in the opposite position in the output grid. Then surround that block with blocks of the dark yellow color.","To make the output, you have to...make the entire output grid white. then find the block in the input grid that is the only one of that color and place it in the same position in the output grid. Then surround that block with blocks of the dull blue color.","To make the output, you have to...make the entire output grid black. then find the block in the input grid that is the only one of that color and place it in the same position in the output grid. Then surround that block with blocks of the bright red-orange color.",5
145,662c240a,"To make the output, you have to...remove a non-diagonally symmetrical 3x3 grid from a 27x3 grid. It is composed with 9 One-color 3x3 grids, which are vertically connected in.","To make the output, you have to...destroy a diagonally symmetrical 3x3 grid inside a 9x3 grid. It is composed with 5 Four-color 3x3 grids, which are vertically connected in.","To make the output, you have to...replicate a non-diagonally symmetrical 3x3 grid from a 9x3 grid. It is composed with 3 Two-color 3x3 grids, which are vertically connected in.","To make the output, you have to...replicate a non-diagonally symmetrical 3x3 grid from a 9x3 grid. It is composed with 3 Two-color 3x3 grids, which are vertically connected in.","To make the output, you have to...replicate a diagonally symmetrical 3x3 grid from a 9x3 grid. It is composed with 3 Three-color 3x3 grids, which are horizontally connected in.",3
234,995c5fa3,"To make the output, you have to...Identify the shapes of three objects from the input grid and determine their corresponding colors. A 4x4 square is red, an object with a center hole is light blue, an object indented on right and left sides is green, and an object indented at the bottom is yellow. Color each object from left to right in the input grid, filling the 3x3 output grid row by row from the top.","To make the output, you have to...Identify the shapes of three objects from the input grid and determine their corresponding colors. A 4x4 square is blue, an object with a center hole is yellow, an object indented on right and left sides is red, and an object indented at the bottom is green. Color each object from right to left in the input grid, filling the 3x3 output grid row by row from the bottom.","To make the output, you have to...Identify the shapes of three objects from the input grid and determine their corresponding colors. A 4x4 square is green, an object with a center hole is red, an object indented on right and left sides is yellow, and an object indented at the bottom is light blue. Color each object from right to left in the input grid, filling the 3x3 output grid column by column from the top.","To make the output, you have to...Identify the shapes of three objects from the input grid and determine their corresponding colors. A 4x4 square is yellow, an object with a center hole is green, an object indented on right and left sides is red, and an object indented at the bottom is light blue. Color each object from left to right in the input grid, filling the 3x3 output grid column by column from the top.","To make the output, you have to...Identify the shapes of three objects from the input grid and determine their corresponding colors. A 4x4 square is light blue, an object with a center hole is green, an object indented on right and left sides is yellow, and an object indented at the bottom is red. Color each object from left to right in the input grid, filling the 3x3 output grid row by row from the bottom.",1
307,c8cbb738,"To make the output, you have to...combine groups of pixels of the same color while maintaining their shapes around a common center. The colors from the input grid must remain unchanged.","To make the output, you have to...combine groups of pixels of different colors without maintaining their shapes around a common center. The colors from the input grid must remain unchanged.","To make the output, you have to...separate groups of pixels of different colors while maintaining their shapes around a common center. The colors from the input grid must remain unchanged.","To make the output, you have to...combine groups of pixels of different colors while maintaining their shapes around different centers. The colors from the input grid must remain unchanged.","To make the output, you have to...combine groups of pixels of different colors while maintaining their shapes around a common center. The colors from the input grid must remain unchanged.",5
273,b0c4d837,"To make the output, you have to...measure the outside height of the U shape outlined in green pixels. Subtract the height filled with blue pixels from the outer height of the U. Fill the 5x5 output grid with this difference in blue pixels, starting from top to bottom on the leftmost column, and bottom to top on the following columns.","To make the output, you have to...calculate the inside height of the U shape made of gray pixels. Subtract the height filled with light blue pixels from the original height of the U. Fill the 3x3 output grid with this difference in light blue pixels, starting from left to right on the top row, and right to left on the following rows.","To make the output, you have to...expand the inside width of the U shape made of gray pixels. Subtract the width filled with pink pixels from the original width of the U. Fill the 4x4 output grid with this difference in pink pixels, starting from right to left on the top row, and left to right on the following rows.","To make the output, you have to...ignore the inside height of the U shape made of gray pixels. Add the height filled with light blue pixels to the original height of the U. Empty the 3x3 output grid with this sum in black pixels, starting from right to left on the bottom row, and left to right on the following rows.","To make the output, you have to...multiply the inside height of the L shape made of brown pixels. Divide the height filled with red pixels by the original height of the L. Fill the 2x2 output grid with this quotient in red pixels, starting from left to right on the bottom row, and right to left on the following rows.",2
331,d406998b,"To make the output, you have to...begin from the right-most column and replace the grey pixels in the even-numbered columns with red.","To make the output, you have to...start from the top row and change the grey pixels in the odd-numbered columns with light blue.","To make the output, you have to...begin from the right-most row and change the grey pixels in the odd-numbered rows with blue.","To make the output, you have to...begin from the right-most column and change the grey pixels in the odd-numbered columns with green.","To make the output, you have to...start from the left-most column and change the green pixels in the odd-numbered columns with yellow.",4
