task_id,task_name,shuffled_description1,shuffled_description2,shuffled_description3,shuffled_description4,shuffled_description5,answer
31,1e0a9b12,"To make the output, you have to...think of the grid as a blank canvas and as the colored squares as being brush strokes in space. Gravity shifts horizontally and all of the blocks move to the left. That produces the correct output grid.","To make the output, you have to...think of the grid as a black field and as the colored squares as being objects floating in space. Gravity is suddenly turned on and all of the block fall vertically to the bottom. That produces the correct output grid.","To make the output, you have to...think of the grid as an empty void and as the colored squares as being particles stuck in space. Gravity is nonexistent and all of the blocks remain in their original positions. That produces the correct output grid.","To make the output, you have to...think of the grid as a white field and as the colored squares as being objects grounded in place. Gravity is never turned on and none of the blocks move. That produces the correct output grid.","To make the output, you have to...think of the grid as a dark sky and as the colored squares as being stars suspended in space. Gravity is inverted and all of the block rise vertically to the top. That produces the correct output grid.",2
86,3c9b0459,"To make the output, you have to...rotate the grid 90 degrees clockwise.","To make the output, you have to...invert the colors of the grid.","To make the output, you have to...flip the grid horizontally.","To make the output, you have to...rotate the grid 180 degrees counterclockwise.","To make the output, you have to...rotate the grid 180 degrees clockwise.",5
13,0b148d64,"To make the output, you have to...distinguish between four sections colored in random patterns, and among these, identify the one section that is colored differently. Afterward, copy only the differently colored section into the output grid.","To make the output, you have to...ignore sections with the same colored patterns, and focus only on copying them into the output grid.","To make the output, you have to...consider only three sections colored uniformly, and identify the one section that is colored identically. Afterward, copy only the identically colored section into the output grid.","To make the output, you have to...combine all sections colored in identical patterns and paste the combined sections into the output grid.","To make the output, you have to...erase the three sections that are colored differently and leave the differently colored section in the output grid.",1
96,42a50994,"To make the output, you have to...erase the input grid, identify which pixels are connected or touching any other, and change background colors of connected pixels to blue.","To make the output, you have to...copy the input grid, identify which pixels are connected or touching any other and change background colors of single pixels to the background color or black.","To make the output, you have to...copy the input grid, ignore which pixels are connected or touching any other, and change background colors of all pixels to white.","To make the output, you have to...copy the input grid, identify which pixels are not touching any other, and change their colors to the foreground color or white.","To make the output, you have to...copy the input grid, identify which pixels are isolated and change background colors of connected pixels to white.",2
67,31aa019c,"To make the output, you have to...make the entire output grid black. Then find the block in the output grid that is the only one of that color and place it in the same position in the input grid. Then surround that block with blocks of the bright blue color.","To make the output, you have to...make the entire output grid black. then find the block in the input grid that is the only one of that color and place it in the same position in the output grid. Then surround that block with blocks of the bright red-orange color.","To make the output, you have to...make the entire output grid white. Then find the block in the input grid that is the only one of that color and place it in the same position in the output grid. Then surround that block with blocks of the dull blue-green color.","To make the output, you have to...make the entire output grid gray. Then find the pattern in the input grid that is the only one of that color and place it in a different position in the output grid. Then surround that pattern with patterns of the dull red color.","To make the output, you have to...make the entire output grid blue. Then find the block in the output grid that is the only one of that color and place it in the same position in the input grid. Then surround that block with blocks of the bright green color.",2
145,662c240a,"To make the output, you have to...delete a diagonally symmetrical 2x2 grid from a 6x2 grid. It is composed with 3 One-color 1x1 grids, which are vertically connected in.","To make the output, you have to...copy a non-horizontally symmetrical 2x3 grid from a 6x3 grid. It is composed with 2 Three-color 2x3 grids, which are horizontally connected in.","To make the output, you have to...replicate a horizontally symmetrical 3x1 grid from a 9x3 grid. It is composed with 3 Three-color 3x1 grids, which are horizontally connected in.","To make the output, you have to...replicate a non-diagonally symmetrical 3x3 grid from a 9x3 grid. It is composed with 3 Two-color 3x3 grids, which are vertically connected in.","To make the output, you have to...create a diagonally symmetrical 4x3 grid from a 12x3 grid. It is composed with 4 Two-color 4x3 grids, which are horizontally connected in.",4
234,995c5fa3,"To make the output, you have to...Identify the shapes of three objects from the input grid and determine their corresponding shapes. A 4x4 square is blue, an object with a center hole is pink, an object indented on right and left sides is light blue, and an object indented at the top is red. Color each object from left to right in the input grid, filling the 3x3 output grid column by column from the bottom.","To make the output, you have to...Ignore the shapes of objects from the input grid and determine their corresponding numbers. A 4x4 square is one, an object with a center hole is two, an object indented on right and left sides is three, and an object indented at the bottom is four. Color each object from right to left in the input grid, filling the 3x3 output grid row by row from the bottom.","To make the output, you have to...Identify the shapes of three objects from the output grid and determine their corresponding positions. A 4x4 square is bottom, an object with a center hole is right, an object indented on right and left sides is left, and an object indented at the bottom is center. Color each object from left to right in the output grid, filling the 3x3 input grid row by row from the top.","To make the output, you have to...Identify the colors of objects from the input grid and determine their corresponding names. A 4x4 square is yellow, an object with a center hole is green, an object indented on right and left sides is brown, and an object indented at the bottom is gray. Color each object from bottom to top in the input grid, filling the 3x3 output grid column by column from the top.","To make the output, you have to...Identify the shapes of three objects from the input grid and determine their corresponding colors. A 4x4 square is red, an object with a center hole is light blue, an object indented on right and left sides is green, and an object indented at the bottom is yellow. Color each object from left to right in the input grid, filling the 3x3 output grid row by row from the top.",5
307,c8cbb738,"To make the output, you have to...separate groups of pixels of different colors while maintaining their shapes around a common center. The colors from the input grid must remain unchanged.","To make the output, you have to...isolate groups of pixels of different colors while disrupting their shapes around a random center. The colors from the input grid must remain altered.","To make the output, you have to...disperse groups of pixels of varied colors while maintaining their patterns around a separate center. The colors from the input grid must remain shifted.","To make the output, you have to...combine groups of pixels of identical colors while changing their shapes around a distributed center. The colors from the input grid must remain changed.","To make the output, you have to...combine groups of pixels of different colors while maintaining their shapes around a common center. The colors from the input grid must remain unchanged.",5
273,b0c4d837,"To make the output, you have to...calculate the inside height of the L shape made of black pixels. Subtract the height filled with red pixels from the original height of the L. Fill the 3x3 output grid with this difference in red pixels, starting from right to left on the top row, and left to right on the following rows.","To make the output, you have to...calculate the outside height of the O shape made of yellow pixels. Subtract the height filled with pink pixels from the original height of the O. Fill the 3x3 output grid with this difference in pink pixels, starting from left to right on the bottom row, and right to left on the following rows.","To make the output, you have to...calculate the inside height of the T shape made of pink pixels. Subtract the height filled with black pixels from the original height of the T. Fill the 3x3 output grid with this difference in black pixels, starting from right to left on the top row, and left to right on the following rows.","To make the output, you have to...calculate the outside height of the V shape made of red pixels. Subtract the height filled with gray pixels from the original height of the V. Fill the 3x3 output grid with this difference in gray pixels, starting from right to left on the top row, and left to right on the following rows.","To make the output, you have to...calculate the inside height of the U shape made of gray pixels. Subtract the height filled with light blue pixels from the original height of the U. Fill the 3x3 output grid with this difference in light blue pixels, starting from left to right on the top row, and right to left on the following rows.",5
331,d406998b,"To make the output, you have to...begin from the right-most column and change the grey pixels in the even-numbered columns with green.","To make the output, you have to...begin from the left-most column and change the grey pixels in the odd-numbered columns with green.","To make the output, you have to...begin from the bottom-most row and change the grey pixels in the odd-numbered rows with green.","To make the output, you have to...begin from the right-most column and change the grey pixels in the odd-numbered columns with green.","To make the output, you have to...begin from the top-most row and change the grey pixels in the odd-numbered rows with green.",4
