task_id,task_name,shuffled_description1,shuffled_description2,shuffled_description3,shuffled_description4,shuffled_description5,answer
31,1e0a9b12,"To make the output, you have to...think of the grid as a black field and as the colored squares as being objects floating in space. Gravity is suddenly turned on and all of the block fall vertically to the bottom. That produces the correct output grid.","To make the output, you have to...think of the grid as a white field and as the colored squares as being objects fixed in space. Gravity is suddenly turned off and all of the block rise vertically to the top. That produces the correct output grid.","To make the output, you have to...think of the grid as a black field and as the colored squares as being anchored objects. Gravity is suddenly turned on and all of the block rise vertically to the top. That produces the wrong output grid.","To make the output, you have to...think of the grid as a black field and as the colored squares as being objects fixed in space. Gravity is suddenly turned on and all of the block fall horizontally to the left. That produces the wrong output grid.","To make the output, you have to...think of the grid as a white field and as the colored squares as being objects floating in space. Gravity is suddenly turned off and all of the block rise horizontally to the right. That produces the correct output grid.",1
86,3c9b0459,"To make the output, you have to...rotate the grid 180 degrees counterclockwise.","To make the output, you have to...flip the grid horizontally.","To make the output, you have to...rotate the grid 180 degrees clockwise.","To make the output, you have to...rotate the grid 90 degrees counterclockwise.","To make the output, you have to...rotate the grid 90 degrees clockwise.",3
13,0b148d64,"To make the output, you have to...distinguish between shapes colored in identical patterns, and among these, remove the one shape that is colored similarly. Then, copy the remaining shapes into the output grid.","To make the output, you have to...divide the grid into eight sections colored in random patterns, and among these, identify the two sections that are colored similarly. Copy both sections into the output grid.","To make the output, you have to...merge the four sections colored in random patterns, and form a single section that combines the colors. Then, copy the combined section into the output grid.","To make the output, you have to...distinguish between four identical sections, and among these, identify the one section that matches the given pattern. Afterward, erase all other sections from the grid.","To make the output, you have to...distinguish between four sections colored in random patterns, and among these, identify the one section that is colored differently. Afterward, copy only the differently colored section into the output grid.",5
96,42a50994,"To make the output, you have to...copy the input grid, identify which pixels are connected or touching any other and change background colors of single pixels to the background color or black.","To make the output, you have to...invert the input grid, identify which pixels are touching three other pixels and change background colors of single pixels to gray.","To make the output, you have to...copy the input grid, identify which pixels are connected or touching all and change background colors of single pixels to white.","To make the output, you have to...delete the input grid, identify which pixels are not connected or touching any other and change background colors of all pixels to black and white.","To make the output, you have to...copy only half of the input grid, identify which pixels are not connected or touching any other and change the background colors of connected pixels to the background color or black.",1
67,31aa019c,"To make the output, you have to...keep the entire output grid white, then find the block in the input grid that has the same color as others and place it in the same position in the output grid. Then leave the block without surrounding it with any color.","To make the output, you have to...make the entire output grid black, then find the block in the input grid that is the only one of that color and place it in the same position in the output grid. Then surround that block with blocks of the bright red-orange color.","To make the output, you have to...make the entire output grid black, then find all the blocks in the input grid that are of different colors and place them randomly in the output grid. Then surround those blocks with blocks of the yellow color.","To make the output, you have to...make the entire output grid black. then find the block in the input grid that is the only one of that color and place it in the same position in the output grid. Then surround that block with blocks of the bright red-orange color.","To make the output, you have to...make the entire output grid white, then find the block in the input grid that is the only one of that color and place it in the same position in the output grid. Then surround that block with blocks of the dark blue color.",4
145,662c240a,"To make the output, you have to...replicate a diagonally symmetrical 3x3 grid from a 9x3 grid. It is not composed with 3 Two-color 3x3 grids, which are vertically connected in.","To make the output, you have to...replicate a non-diagonally symmetrical 3x3 grid from a 9x3 grid. It is composed with 3 Two-color 3x3 grids, which are vertically connected in.","To make the output, you have to...replicate a horizontally symmetrical 3x3 grid from a 3x9 grid. It is composed with 3 Two-color 3x3 grids, which are vertically connected in.","To make the output, you have to...replicate a diagonally symmetrical 3x3 grid from a 3x9 grid. It is composed with 3 One-color 3x3 grids, which are vertically connected in.","To make the output, you have to...replicate a non-diagonally symmetrical 3x3 grid from a 3x9 grid. It is not composed with 3 Two-color 3x3 grids, which are horizontally connected in.",2
234,995c5fa3,"To make the output, you have to...Identify the shapes of four objects from the output grid and mismatch their corresponding colors. A 3x3 circle is pink, an object with a tiny hole is light green, an object protruding on right and left sides is orange, and an object protruding at the bottom is black. Color each object from left to right in the output grid, filling the 4x4 input grid column by column from the top.","To make the output, you have to...Identify the shapes of two objects from the input grid and determine their corresponding colors. A 4x4 square is blue, and an object with a center hole is yellow. Color each object from left to right in the input grid, filling the 3x3 output grid row by row from the bottom.","To make the output, you have to...Identify the shapes of three objects from the input grid and mismatch their corresponding colors. A 4x4 square is yellow, an object with a center hole is purple, an object indented on right and left sides is red, and an object indented at the bottom is green. Color each object from right to left in the input grid, filling the 3x3 output grid row by row from the top.","To make the output, you have to...Identify the shapes of three objects from the input grid and determine their corresponding colors. A 4x4 square is red, an object with a center hole is light blue, an object indented on right and left sides is green, and an object indented at the bottom is yellow. Color each object from left to right in the input grid, filling the 3x3 output grid row by row from the top.","To make the output, you have to...Identify the shapes of three objects from the input grid and determine their corresponding shapes. A 4x4 circle is red, a rectangle with a center hole is light blue, an object protruding on right and left sides is green, and an object protruding at the bottom is yellow. Color each object from right to left in the output grid, filling the 3x3 input grid column by column from the top.",4
307,c8cbb738,"To make the output, you have to...rotate groups of pixels of different colors so their shapes reverse. Place the reversed shapes randomly in the output grid and modify their colors.","To make the output, you have to...disperse groups of pixels of the same color, rearranging them randomly away from the center. The colors in the output grid should be altered.","To make the output, you have to...remove groups of pixels of different colors, erase their shapes from the input grid and replace them with new shapes of different colors in the output grid.","To make the output, you have to...separate groups of pixels of different colors, keeping their shapes intact but spreading them apart. The colors from the input grid should be changed to black.","To make the output, you have to...combine groups of pixels of different colors while maintaining their shapes around a common center. The colors from the input grid must remain unchanged.",5
273,b0c4d837,"To make the output, you have to...ignore the inside height of the U shape made of gray pixels. Do not subtract the height filled with light blue pixels from the original height of the U. Leave the 3x3 output grid empty without any light blue pixels, starting from left to right on the top row, and right to left on the following rows.","To make the output, you have to...calculate the outside width of the U shape made of gray pixels. Add the width filled with light blue pixels to the original width of the U. Fill the 3x3 output grid with this sum in light blue pixels, starting from right to left on the top row, and left to right on the following rows.","To make the output, you have to...calculate the inside height of the U shape made of gray pixels. Subtract the height filled with light blue pixels from the original height of the U. Fill the 3x3 output grid with this difference in light blue pixels, starting from left to right on the top row, and right to left on the following rows.","To make the output, you have to...calculate the inside height of the O shape made of gray pixels. Subtract the height filled with dark blue pixels from the original height of the O. Fill the 3x3 output grid with this difference in dark blue pixels, starting from right to left on the bottom row, and left to right on the following rows.","To make the output, you have to...double the inside height of the L shape made of gray pixels. Subtract the height filled with red pixels from the original height of the L. Fill the 3x3 output grid with this difference in red pixels, starting from right to left on the bottom row, and left to right on the following rows.",3
331,d406998b,"To make the output, you have to...begin from the left-most column and change the grey pixels in the odd-numbered columns with purple.","To make the output, you have to...avoid starting from the right-most column but change the grey pixels in the odd-numbered columns with green.","To make the output, you have to...begin from the left-most column and change the grey pixels in the even-numbered columns with green.","To make the output, you have to...begin from the right-most column and change the grey pixels in the odd-numbered columns with green.","To make the output, you have to...begin from the right-most column and keep the grey pixels in the even-numbered columns.",4
