task_id,task_name,shuffled_description1,shuffled_description2,shuffled_description3,shuffled_description4,shuffled_description5,answer
31,1e0a9b12,"To make the output, you have to...visualize the grid as a blue field and the colored squares as being objects flying in the air. Gravity is suddenly reversed and all of the blocks rise vertically to the top. That produces the correct output grid.","To make the output, you have to...think of the grid as a white field and the colored squares as being objects buried in sand. Without any force, all of the blocks stay in their place. That produces the correct output grid.","To make the output, you have to...imagine the grid as a colored field and the black squares as objects sinking into water. Gravity is suddenly turned off and all of the black blocks float to the top. That produces the correct output grid.","To make the output, you have to...think of the grid as a black field and as the colored squares as being objects floating in space. Gravity is suddenly turned on and all of the block fall vertically to the bottom. That produces the correct output grid.","To make the output, you have to...imagine the grid as a gray field and the colored squares as being objects in a vacuum. Vacuum is suddenly made normal and all of the blocks disperse horizontally. That produces the correct output grid.",4
86,3c9b0459,"To make the output, you have to...flip the grid upside down.","To make the output, you have to...rotate the grid 90 degrees counterclockwise.","To make the output, you have to...invert the colors of the entire grid.","To make the output, you have to...leave the grid in its original orientation.","To make the output, you have to...rotate the grid 180 degrees clockwise.",5
13,0b148d64,"To make the output, you have to...distinguish between four sections colored in random patterns, and among these, identify the one section that is colored differently. Afterward, copy only the differently colored section into the output grid.","To make the output, you have to...clear the grid of any colors and patterns, and redo it with four new sections with identical colors and patterns. Then remove one section randomly.","To make the output, you have to...divide the grid into four sections with same color patterns, and keep only one randomly chosen section in the output grid.","To make the output, you have to...replace randomly the differently colored section with a new section of identical color patterns as the other three sections, and copy this altered grid into the output.","To make the output, you have to...combine four sections of uniform color patterns, and copy the most frequently appearing pattern into the output grid.",1
96,42a50994,"To make the output, you have to...copy the input grid, identify which pixels are connected or touching any other and change the colors of single pixels to any color besides the background color or black.","To make the output, you have to...alter the input grid, identify which pixels are not connected or separated from any other and change background colors of grouped pixels to the background color or black.","To make the output, you have to...remove the input grid, identify which pixels are connected or touching any other and change background colors of single pixels to white or blue.","To make the output, you have to...copy the input grid, ignore which pixels are connected or touching any other and keep background colors of single pixels unchanged.","To make the output, you have to...copy the input grid, identify which pixels are connected or touching any other and change background colors of single pixels to the background color or black.",5
67,31aa019c,"To make the output, you have to...make the entire output grid green. Then find the block in the input grid that is the only one of that color and place it in the same position in the output grid. Then surround that block with blocks of the yellow-green color.","To make the output, you have to...make the entire output grid gray. Then find the block in the input grid that is the only one of that color and place it in the opposite position in the output grid. Then surround that block with blocks of the dark brown color.","To make the output, you have to...make the entire output grid white. Then find the block in the input grid that is one of many of that color and place it in a different position in the output grid. Then surround that block with blocks of the dark green color.","To make the output, you have to...make the entire output grid black. then find the block in the input grid that is the only one of that color and place it in the same position in the output grid. Then surround that block with blocks of the bright red-orange color.","To make the output, you have to...make the entire output grid blue. Then find the block in the input grid that is the only one of a different color and place it in a new position in the output grid. Then surround that block with blocks of the light pink color.",4
145,662c240a,"To make the output, you have to...replicate a 3x3 grid from a 6x3 grid. It is composed with 3 monochrome 3x3 grids, which are vertically connected in.","To make the output, you have to...replicate a non-diagonally symmetrical 2x2 grid from a 9x3 grid. It is composed with 3 two-color 2x2 grids, which are vertically connected in.","To make the output, you have to...replicate a diagonally symmetrical 3x3 grid from a 9x3 grid. It is composed with 3 two-color 3x3 grids, which are horizontally connected in.","To make the output, you have to...replicate a non-diagonally symmetrical 3x3 grid from a 12x3 grid. It is composed with 3 two-color 3x3 grids, which are horizontally connected in.","To make the output, you have to...replicate a non-diagonally symmetrical 3x3 grid from a 9x3 grid. It is composed with 3 Two-color 3x3 grids, which are vertically connected in.",5
234,995c5fa3,"To make the output, you have to...Identify the shapes of three objects from the input grid and determine their corresponding colors. A 4x4 square is red, an object with a center hole is light blue, an object indented on right and left sides is green, and an object indented at the bottom is yellow. Color each object from left to right in the input grid, filling the 3x3 output grid row by row from the top.","To make the output, you have to...Identify the shapes of three objects from the input grid and determine their opposite colors. A 4x4 square is blue, an object with a center hole is dark blue, an object indented on right and left sides is brown, and an object indented at the bottom is red. Color each object from left to right in the input grid, filling the 3x3 output grid row by row from the top.","To make the output, you have to...Ignore the shapes of three objects from the input grid and instead assign random colors. A 4x4 square is black, an object with a center hole is yellow, an object indented on right and left sides is pink, and an object indented at the bottom is brown. Color each object from right to left in the input grid, filling the 3x3 output grid column by column from the bottom.","To make the output, you have to...Identify the shapes of objects from the input grid and determine their opposite colors. A 4x4 square is green, an object without a center hole is blue, an object indented on right and left sides is yellow, and an object indented at the top is red. Color each object from left to right in the input grid, filling the 3x3 output grid row by row from the bottom.","To make the output, you have to...Identify the shapes of four objects from the input grid and determine their corresponding colors. A 3x3 square is gray, an object with a center hole is blue, an object indented on right and left sides is pink, and an object indented at the top is black. Color each object from left to right in the input grid, filling the 3x3 output grid row by row from the bottom.",1
307,c8cbb738,"To make the output, you have to...combine groups of pixels of similar colors while changing their shapes around a common center.","To make the output, you have to...combine groups of pixels of different colors while maintaining their shapes around a common center. The colors from the input grid must remain unchanged.","To make the output, you have to...combine clusters of pixels of various colors while randomly scattering their shapes across the entire grid.","To make the output, you have to...combine groups of shapes of different colors while maintaining their positions along the border. The colors from the input grid must be changed.","To make the output, you have to...separate groups of pixels of different colors while maintaining their shapes around a common center. The colors from the input grid must remain unchanged.",2
273,b0c4d837,"To make the output, you have to...analyze the area of the U shape made of gray pixels. Subtract the width filled with light blue pixels from the original width of the U. Fill the 3x3 output grid with this difference in red pixels, starting from left to right on every row.","To make the output, you have to...calculate the inside height of the U shape made of gray pixels. Subtract the height filled with light blue pixels from the original height of the U. Fill the 3x3 output grid with this difference in light blue pixels, starting from left to right on the top row, and right to left on the following rows.","To make the output, you have to...measure the length of the U shape made of gray pixels. Increase the height filled with light blue pixels from the original height of the U. Leave the 3x3 output grid empty with this increased height, starting from top to bottom on the right side, and bottom to top on the following columns.","To make the output, you have to...compute the perimeter of the U shape made of gray pixels. Multiply the height filled with light blue pixels from the original height of the U. Fill the 3x3 output grid with this product in pink pixels, starting from right to left on the bottom row, and left to right on the following rows.","To make the output, you have to...calculate the inside width of the U shape made of gray pixels. Subtract the height filled with light blue pixels from the original height of the U. Fill the 3x3 output grid with this difference in blue pixels, starting from left to right on the top row, and right to left on the following rows.",2
331,d406998b,"To make the output, you have to...begin from the right-most column and change the grey pixels in the even-numbered columns with green.","To make the output, you have to...begin from the left-most row and change the grey pixels in the odd-numbered rows with green.","To make the output, you have to...begin from the left-most column and change the grey pixels in the even-numbered columns with green.","To make the output, you have to...begin from the right-most row and change the grey pixels in the even-numbered rows with green.","To make the output, you have to...begin from the right-most column and change the grey pixels in the odd-numbered columns with green.",5
