task_id,task_name,Correct answer,ChatGPT4V answer,Correct(1) / Wrong(0)
0,007bbfb7,4,4,1
1,00d62c1b,4,4,1
2,017c7c7b,5,3,0
3,025d127b,3,3,1
4,045e512c,4,4,1
5,0520fde7,1,1,1
7,05f2a901,5,5,1
8,06df4c85,4,4,1
9,08ed6ac7,1,2,0
10,09629e4f,3,3,1
11,0962bcdd,1,1,1
12,0a938d79,3,3,1
14,0ca9ddb6,3,3,1
16,0dfd9992,4,4,1
17,0e206a2e,2,4,0
18,10fcaaa3,3,3,1
19,11852cab,3,2,0
20,1190e5a7,3,3,1
21,137eaa0f,2,3,0
22,150deff5,3,3,1
23,178fcbfb,3,3,1
24,1a07d186,5,5,1
25,1b2d62fb,1,3,0
26,1b60fb0c,4,4,1
27,1bfc4729,1,4,0
28,1c786137,4,1,0
29,1caeab9d,3,3,1
30,1cf80156,5,5,1
31,1e0a9b12,3,3,1
32,1e32b0e9,1,1,1
33,1f0c79e5,5,5,1
34,1f642eb9,3,3,1
35,1f85a75f,4,3,0
36,1f876c06,4,4,1
37,1fad071e,5,5,1
39,2204b7a8,1,3,0
40,22168020,4,4,1
41,22233c11,5,5,1
42,2281f1f4,3,3,1
43,228f6490,1,1,1
44,22eb0ac0,3,3,1
45,234bbc79,1,1,1
46,23581191,2,2,1
47,239be575,5,5,1
48,23b5c85d,3,3,1
49,253bf280,5,3,0
51,25d8a9c8,4,4,1
53,264363fd,2,2,1
54,272f95fa,2,3,0
55,27a28665,5,5,1
56,28bf18c6,5,4,0
57,28e73c20,4,4,1
58,29623171,4,4,1
59,29c11459,5,3,0
60,29ec7d0e,2,2,1
61,2bcee788,5,5,1
62,2bee17df,2,2,1
63,2c608aff,1,3,0
64,2dc579da,3,3,1
65,2dd70a9a,3,3,1
66,2dee498d,5,5,1
67,31aa019c,3,3,1
68,321b1fc6,1,3,0
69,32597951,3,2,0
70,3345333e,3,3,1
71,3428a4f5,2,2,1
73,3631a71a,5,5,1
74,363442ee,4,4,1
75,36d67576,1,3,0
76,36fdfd69,4,4,1
78,39a8645d,4,4,1
79,39e1d7f9,3,3,1
80,3aa6fb7a,5,5,1
81,3ac3eb23,2,2,1
82,3af2c5a8,5,4,0
83,3bd67248,5,3,0
84,3bdb4ada,4,4,1
85,3befdf3e,3,3,1
86,3c9b0459,5,3,0
87,3de23699,2,2,1
88,3e980e27,4,4,1
89,3eda0437,1,2,0
90,3f7978a0,3,3,1
91,40853293,3,3,1
92,4093f84a,5,5,1
93,41e4d17e,4,3,0
94,4258a5f9,4,4,1
95,4290ef0e,4,4,1
96,42a50994,1,4,0
97,4347f46a,4,4,1
98,444801d8,5,5,1
99,445eab21,2,2,1
100,447fd412,4,4,1
102,44f52bb0,5,3,0
103,4522001f,2,2,1
104,4612dd53,1,1,1
105,46442a0e,3,3,1
106,469497ad,4,3,0
107,46f33fce,2,2,1
108,47c1f68c,1,3,0
109,484b58aa,3,3,1
110,48d8fb45,3,3,1
111,4938f0c2,4,4,1
112,496994bd,3,3,1
113,49d1d64f,4,4,1
114,4be741c5,4,3,0
115,4c4377d9,2,3,0
116,4c5c2cf0,2,2,1
117,50846271,2,2,1
118,508bd3b6,2,2,1
119,50cb2852,3,3,1
120,5117e062,4,4,1
122,539a4f51,2,3,0
123,53b68214,1,1,1
124,543a7ed5,3,3,1
125,54d82841,4,4,1
126,54d9e175,1,2,0
127,5521c0d9,5,5,1
128,5582e5ca,5,5,1
129,5614dbcf,1,3,0
130,56dc2b01,4,3,0
131,56ff96f3,5,5,1
132,57aa92db,4,4,1
133,5ad4f10b,1,4,0
135,5c0a986e,2,2,1
136,5c2c9af4,1,1,1
137,5daaa586,1,1,1
138,60b61512,5,3,0
139,6150a2bd,1,3,0
140,623ea044,3,3,1
141,62c24649,3,3,1
142,63613498,3,3,1
143,6430c8c4,3,3,1
144,6455b5f5,2,2,1
146,67385a82,4,4,1
147,673ef223,2,3,0
148,6773b310,4,4,1
149,67a3c6ac,1,2,0
150,67a423a3,1,2,0
151,67e8384a,1,2,0
152,681b3aeb,1,1,1
153,6855a6e4,2,2,1
154,68b16354,5,3,0
155,694f12f3,5,3,0
156,6a1e5592,5,3,0
157,6aa20dc0,4,4,1
159,6c434453,5,5,1
160,6cdd2623,5,5,1
161,6cf79266,5,5,1
162,6d0160f0,3,2,0
163,6d0aefbc,2,2,1
164,6d58a25d,5,5,1
167,6e19193c,3,3,1
168,6e82a1ae,3,3,1
169,6ecd11f4,5,5,1
170,6f8cd79b,5,3,0
171,6fa7a44f,2,3,0
172,72322fa7,2,2,1
173,72ca375d,2,3,0
174,73251a56,5,5,1
175,7447852a,5,3,0
176,7468f01a,3,3,1
177,746b3537,3,3,1
178,74dd1130,4,3,0
179,75b8110e,5,3,0
180,760b3cac,2,2,1
181,776ffc46,5,5,1
182,77fdfe62,4,4,1
183,780d0b14,2,1,0
184,7837ac64,1,3,0
185,794b24be,3,3,1
186,7b6016b9,3,3,1
187,7b7f7511,1,3,0
188,7c008303,3,3,1
189,7ddcd7ec,1,4,0
190,7df24a62,1,3,0
192,7f4411dc,2,2,1
193,7fe24cdd,5,5,1
195,810b9b61,3,3,1
196,82819916,1,1,1
197,83302e8f,1,1,1
198,834ec97d,1,3,0
199,8403a5d5,3,3,1
200,846bdb03,2,2,1
201,855e0971,3,3,1
202,85c4e7cd,5,4,0
203,868de0fa,5,5,1
204,8731374e,1,4,0
205,88a10436,4,3,0
206,88a62173,4,4,1
207,890034e9,1,1,1
208,8a004b2b,4,2,0
209,8be77c9e,5,5,1
211,8d510a79,3,3,1
212,8e1813be,1,1,1
213,8e5a5113,2,2,1
214,8eb1be9a,3,3,1
215,8efcae92,4,4,1
216,8f2ea7aa,5,5,1
217,90c28cc7,4,4,1
218,90f3ed37,5,5,1
219,913fb3ed,3,3,1
220,91413438,4,3,0
222,9172f3a0,3,3,1
223,928ad970,2,3,0
224,93b581b8,2,3,0
225,941d9a10,5,5,1
226,94f9d214,4,4,1
227,952a094c,3,3,1
228,9565186b,1,1,1
229,95990924,4,3,0
230,963e52fc,4,4,1
231,97999447,3,3,1
232,97a05b5b,1,3,0
233,98cf29f8,1,2,0
234,995c5fa3,2,1,0
235,99b1bc43,1,3,0
236,99fa7670,1,1,1
237,9aec4887,2,2,1
238,9af7a82c,5,5,1
239,9d9215db,2,2,1
240,9dfd6313,5,5,1
241,9ecd008a,2,2,1
242,9edfc990,2,4,0
244,a1570a43,1,2,0
245,a2fd1cf0,4,4,1
246,a3325580,1,4,0
247,a3df8b1e,1,3,0
248,a416b8f3,5,5,1
249,a48eeaf7,5,5,1
250,a5313dff,4,3,0
251,a5f85a15,3,3,1
252,a61ba2ce,2,2,1
253,a61f2674,2,3,0
254,a64e4611,5,5,1
256,a68b268e,1,3,0
258,a740d043,3,3,1
259,a78176bb,1,3,0
260,a79310a0,1,4,0
261,a85d4709,3,3,1
262,a87f7484,4,4,1
263,a8c38be5,3,3,1
264,a8d7556c,4,4,1
265,a9f96cdd,4,4,1
266,aabf363d,1,3,0
267,aba27056,5,3,0
269,ae3edfdc,4,4,1
270,ae4f1146,4,4,1
271,aedd82e4,3,3,1
272,af902bf9,2,3,0
273,b0c4d837,3,3,1
274,b190f7f5,3,3,1
276,b230c067,5,5,1
277,b27ca6d3,1,3,0
278,b2862040,1,3,0
279,b527c5c6,2,2,1
280,b548a754,2,2,1
283,b7249182,5,5,1
284,b775ac94,1,1,1
285,b782dc8a,3,3,1
286,b8825c91,4,4,1
287,b8cdaf2b,1,3,0
288,b91ae062,5,5,1
289,b94a9452,1,1,1
290,b9b7f026,5,5,1
291,ba26e723,4,4,1
292,ba97ae07,4,4,1
293,bb43febb,3,3,1
294,bbc9ae5d,4,4,1
295,bc1d5164,1,2,0
296,bd4472b8,2,2,1
297,bda2d7a6,2,2,1
298,bdad9b1f,2,3,0
299,be94b721,5,3,0
300,beb8660c,5,3,0
301,c0f76784,2,3,0
302,c1d99e64,5,5,1
304,c3f564a4,5,5,1
305,c444b776,5,3,0
306,c59eb873,5,5,1
307,c8cbb738,3,3,1
308,c8f0f002,2,3,0
309,c909285e,2,2,1
310,c9e6f938,3,3,1
311,c9f8e694,5,5,1
312,caa06a1f,5,5,1
313,cbded52d,5,5,1
314,cce03e0d,5,5,1
315,cdecee7f,1,3,0
316,ce22a75a,5,3,0
317,ce4f8723,5,5,1
318,ce602527,5,5,1
319,ce9e57f2,3,1,0
320,cf98881b,2,2,1
321,d037b0a7,3,3,1
322,d06dbe63,5,3,0
323,d07ae81c,4,4,1
324,d0f5fe59,4,4,1
325,d10ecb37,5,3,0
326,d13f3404,4,4,1
327,d22278a0,5,5,1
328,d23f8c26,2,2,1
329,d2abd087,3,3,1
330,d364b489,1,1,1
331,d406998b,3,3,1
332,d43fd935,4,4,1
333,d4469b4b,1,1,1
334,d4a91cb9,4,3,0
335,d4f3cd78,1,3,0
337,d5d6de2d,5,5,1
338,d631b094,2,3,0
339,d687bc17,3,3,1
340,d6ad076f,2,3,0
341,d89b689b,2,3,0
342,d8c310e9,5,3,0
343,d90796e8,3,1,0
344,d9f24cd1,4,3,0
345,d9fac9be,3,3,1
346,dae9d2b5,1,4,0
347,db3e9e38,5,3,0
348,db93a21d,4,1,0
350,dc0a314f,3,3,1
351,dc1df850,5,5,1
352,dc433765,2,2,1
353,ddf7fa4f,2,2,1
354,de1cd16c,2,2,1
355,ded97339,3,3,1
356,e179c5f4,1,3,0
358,e26a3af2,2,2,1
359,e3497940,3,3,1
360,e40b9e2f,3,3,1
361,e48d4e1a,4,4,1
362,e5062a87,2,2,1
363,e509e548,4,4,1
364,e50d258f,1,3,0
365,e6721834,4,4,1
366,e73095fd,3,3,1
367,e76a88a6,5,5,1
368,e8593010,4,3,0
369,e8dc4411,4,4,1
371,e98196ab,5,5,1
372,e9afcf9a,4,4,1
373,ea32f347,5,3,0
374,ea786f4a,3,3,1
375,eb281b96,5,5,1
376,eb5a1d5d,1,2,0
377,ec883f72,3,3,1
378,ecdecbb3,4,4,1
379,ed36ccf7,3,2,0
380,ef135b50,1,1,1
381,f15e1fac,2,4,0
382,f1cefba8,5,3,0
383,f25fbde4,4,4,1
384,f25ffba3,1,4,0
386,f35d900a,5,5,1
387,f5b8619d,4,4,1
388,f76d97a5,3,3,1
390,f8b3ba0a,1,5,0
391,f8c80d96,1,3,0
393,f9012d9b,5,5,1
394,fafffa47,2,3,0
395,fcb5c309,5,3,0
396,fcc82909,3,3,1
397,feca6190,5,5,1
398,ff28f65a,1,1,1
399,ff805c23,5,5,1
15,0d3d703e,1,3,0
38,2013d3e2,2,2,1
50,25d487eb,3,3,1
52,25ff71a9,4,3,0
72,3618c87e,1,4,0
77,3906de3d,4,4,1
101,44d8ac46,1,3,0
121,5168d44c,2,3,0
134,5bd6f4ac,5,3,0
145,662c240a,3,3,1
158,6b9890af,1,3,0
165,6d75e8bb,5,5,1
166,6e02f1e3,2,2,1
191,7e0986d6,2,3,0
194,80af3007,2,2,1
210,8d5021e8,1,4,0
221,91714a58,2,3,0
243,9f236235,1,1,1
255,a65b410d,2,3,0
257,a699fb00,1,4,0
268,ac0a08a4,2,3,0
281,b60334d2,2,2,1
303,c3e719e8,1,3,0
336,d511f180,3,3,1
349,dbc1a6ce,5,5,1
357,e21d9049,2,2,1
370,e9614598,1,3,0
385,f2829549,3,3,1
389,f8a8fe49,3,3,1
392,f8ff0b80,1,3,0
13,0b148d64,1,4,0
275,b1948b0a,5,3,0
282,b6afb2da,2,3,0
