task_id,task_name,shuffled_description1,shuffled_description2,shuffled_description3,shuffled_description4,shuffled_description5,answer
31,1e0a9b12,"To make the output, you have to...think of the grid as a black field and as the colored squares as being objects floating in water. Gravity is suddenly turned off and all of the blocks float to the top. That produces the incorrect output grid.","To make the output, you have to...think of the grid as a black field and as the colored squares as being shadows floating in space. Gravity is suddenly turned on and all of the blocks float vertically to the top. That produces the incorrect output grid.","To make the output, you have to...think of the grid as a white field and as the colored squares as being objects floating in space. Gravity is suddenly turned on and all of the block rise vertically to the top. That produces the correct output grid.","To make the output, you have to...think of the grid as a black field and as the colored squares as being objects floating in space. Gravity is suddenly turned on and all of the block fall vertically to the bottom. That produces the correct output grid.","To make the output, you have to...think of the grid as a black field and as the colored squares as being objects fixed in place. Gravity is suddenly turned off and none of the blocks move. That produces the correct output grid.",4
86,3c9b0459,"To make the output, you have to...rotate the grid 90 degrees clockwise.","To make the output, you have to...flip the grid horizontally.","To make the output, you have to...flip the grid vertically.","To make the output, you have to...rotate the grid 180 degrees counterclockwise.","To make the output, you have to...rotate the grid 180 degrees clockwise.",5
13,0b148d64,"To make the output, you have to...merge sections that have uniform coloring in a single pattern, and then copy the unified section into the output grid.","To make the output, you have to...distinguish between eight sections colored in repetitive patterns, and among them, find the one section that matches others. Then copy only the matching section into the output grid.","To make the output, you have to...swap all sections and identify one section that is colored similarly. Then, copy the similarly colored section into the output grid.","To make the output, you have to...identify sections with the same patterns and then remove the one section that is colored differently. Afterward, copy only the remaining sections into the output grid.","To make the output, you have to...distinguish between four sections colored in random patterns, and among these, identify the one section that is colored differently. Afterward, copy only the differently colored section into the output grid.",5
96,42a50994,"To make the output, you have to...copy the input grid, identify which pixels are isolated or alone and change the colors of all connected pixels to white.","To make the output, you have to...copy the input grid, identify which pixels form a line and change the background colors to light blue.","To make the output, you have to...copy and reverse the input grid, identify any pixel and change its color to red.","To make the output, you have to...duplicate the input grid, identify which pixels are touching each other and change the connected pixels to blue.","To make the output, you have to...copy the input grid, identify which pixels are connected or touching any other and change background colors of single pixels to the background color or black.",5
67,31aa019c,"To make the output, you have to...make the entire output grid blue. Then find the block in the input grid that is the only one of that color and place it in the bottom-right corner of the output grid. Then surround that block with blocks of the green color.","To make the output, you have to...make the entire output grid yellow. Then find the block in the input grid that is the only one of that color and place it in the top-left corner of the output grid. Then surround that block with blocks of the blue color.","To make the output, you have to...make the entire output grid gray. Then find the block in the input grid that is the only one of that color and place it in a random position in the output grid. Then surround that block with blocks of the pink color.","To make the output, you have to...make the entire output grid red. Then find the block in the input grid that is the only one of that color and place it in the same position in the input grid. Then surround that block with blocks of the white color.","To make the output, you have to...make the entire output grid black. then find the block in the input grid that is the only one of that color and place it in the same position in the output grid. Then surround that block with blocks of the bright red-orange color.",5
145,662c240a,"To make the output, you have to...replicate a non-diagonally symmetrical 3x3 grid from a 9x3 grid. It is composed with 3 Two-color 3x3 grids, which are vertically connected in.","To make the output, you have to...reverse the order of the colors in the 9x3 grid to form the new grid.","To make the output, you have to...remove all colors from the 3x3 grid and create a diagonally symmetrical one instead.","To make the output, you have to...connect three 1x1 grids horizontally to make a single 3x1 grid.","To make the output, you have to...split the 9x3 grid into individual 1x1 squares and randomize their positions.",1
234,995c5fa3,"To make the output, you have to...Identify the shapes of three objects from the input grid and determine their corresponding colors. Rotate all shapes by 45 degrees and assign each a color different from those described, filling the output grid diagonally.","To make the output, you have to...Identify the shapes of three objects from the input grid and determine their corresponding colors. Match each shape with an adjacent object of the same color and create overlapping patterns on the output grid.","To make the output, you have to...Identify the shapes of three objects from the input grid and determine their corresponding colors. Delete any shapes that match the color descriptions given, leaving the output grid blank.","To make the output, you have to...Identify the shapes of three objects from the input grid and determine their corresponding colors. Reverse the color assignments and produce a mirrored image of the objects on the output grid.","To make the output, you have to...Identify the shapes of three objects from the input grid and determine their corresponding colors. A 4x4 square is red, an object with a center hole is light blue, an object indented on right and left sides is green, and an object indented at the bottom is yellow. Color each object from left to right in the input grid, filling the 3x3 output grid row by row from the top.",5
307,c8cbb738,"To make the output, you have to...scatter groups of pixels of uniform colors while losing their shapes around multiple centers. The colors from the input grid must get swapped.","To make the output, you have to...break groups of pixels of the same color while changing their shapes around an uncommon center. The colors from the output grid must change.","To make the output, you have to...combine groups of pixels of different colors while maintaining their shapes around a common center. The colors from the input grid must remain unchanged.","To make the output, you have to...separate groups of different colored pixels, disrupting their shapes around random centers. The colors from the input grid must fade.","To make the output, you have to...split groups of pixels of identical colors, altering their forms around distinct centers. The colors from the input grid must disappear.",3
273,b0c4d837,"To make the output, you have to...ignore the height of the U shape made of gray pixels. Fill the 3x3 output grid entirely with gray pixels, without considering any light blue pixels.","To make the output, you have to...increase the height of the U shape made of gray pixels. Add the height filled with light blue pixels to the original height of the U. Fill the 3x3 output grid with this total height in light blue pixels, starting from left to right on each row.","To make the output, you have to...reshape the U shape made of gray pixels into a square. Fill the 3x3 output grid with gray pixels only, starting from right to left on the top row, and left to right on the following rows.","To make the output, you have to...calculate the outside height of the U shape made of gray pixels and subtract the height filled with pink pixels. Fill the 3x3 output grid with this difference in pink pixels, starting from right to left on the top row, and left to right on the following rows.","To make the output, you have to...calculate the inside height of the U shape made of gray pixels. Subtract the height filled with light blue pixels from the original height of the U. Fill the 3x3 output grid with this difference in light blue pixels, starting from left to right on the top row, and right to left on the following rows.",5
331,d406998b,"To make the output, you have to...begin from the right-most column and change the grey pixels in the odd-numbered columns with green.","To make the output, you have to...begin from the left-most column and change the grey pixels in the odd-numbered columns with green.","To make the output, you have to...begin from the right-most column and change the green pixels in the odd-numbered columns with grey.","To make the output, you have to...begin from the right-most row and change the grey pixels in the odd-numbered rows with green.","To make the output, you have to...begin from the right-most column and change the grey pixels in the even-numbered columns with green.",1
